Item Title;Publication Title;Book Series Title;Journal Volume;Journal Issue;Item DOI;Authors;Publication Year;URL;Content Type;;;;
Description Logics for Conceptual Data Modeling;Logics for Databases and Information Systems;;;;10.1007/978-1-4615-5643-5_8;Diego CalvaneseMaurizio LenzeriniDaniele Nardi;1998;http://link.springer.com/chapter/10.1007/978-1-4615-5643-5_8;Chapter;;;;
Description Logics for Modeling Dynamic Information;Logics for Emerging Applications of Databases;;;;10.1007/978-3-642-18690-5_7;Alessandro ArtaleEnrico FranconiFederica Mandreoli;2004;http://link.springer.com/chapter/10.1007/978-3-642-18690-5_7;Chapter;;;;
Semantic Mappings in Description Logics for Spatio-temporal Database Schema Integration;Journal on Data Semantics III;;;;10.1007/11496168_7;A. SotnykovaC. VangenotN. CullotN. BennacerM-A. Aufaure;2005;http://link.springer.com/chapter/10.1007/11496168_7;Chapter;;;;
A Proposal for Combining Formal Concept Analysis and Description Logics for Mining Relational Data;Formal Concept Analysis;;;;10.1007/978-3-540-70901-5_4;Mohamed Hacene RouaneMarianne HuchardAmedeo NapoliPetko Valtchev;2007;http://link.springer.com/chapter/10.1007/978-3-540-70901-5_4;Chapter;;;;
Description Logics for Ontologies;Conceptual Structures for Knowledge Creation and Communication;;;;10.1007/978-3-540-45091-7_7;Ulrike Sattler;2003;http://link.springer.com/chapter/10.1007/978-3-540-45091-7_7;Chapter;;;;
Description Logics for Relative Terminologies;Interfaces: Explorations in Logic; Language and Computation;;;10.1007/978-3-642-14729-6_10;Szymon Klarman;2010;http://link.springer.com/chapter/10.1007/978-3-642-14729-6_10;Chapter;;;;
A Novel Combination of Answer Set Programming with Description Logics for the Semantic Web;The Semantic Web: Research and Applications;;;;10.1007/978-3-540-72667-8_28;Thomas Lukasiewicz;2007;http://link.springer.com/chapter/10.1007/978-3-540-72667-8_28;Chapter;;;;
Using Description Logics for Designing the Case Base in a Hybrid Approach for Diagnosis Integrating Model and Case-Based Reasoning;Case-Based Reasoning Research and Development;;;;10.1007/3-540-44593-5_39;Yacine ZeghibFran«?ois De BeuvronMartina Kullmann;2001;http://link.springer.com/chapter/10.1007/3-540-44593-5_39;Chapter;;;;
A Plausibility Description Logics for Reasoning with Information Sources Having Different Formats and Structures;Foundations of Intelligent Systems;;;;10.1007/3-540-48050-1_7;Luigi PalopoliGiorgio TerracinaDomenico Ursino;2002;http://link.springer.com/chapter/10.1007/3-540-48050-1_7;Chapter;;;;
Using Description Logics for Case-Based Reasoning in Hybrid Diagnosis;Intelligent Problem Solving. Methodologies and Approaches;;;;10.1007/3-540-45049-1_44;Yacine ZeghibFran«ıois De BeuvronMartina Kullmann;2000;http://link.springer.com/chapter/10.1007/3-540-45049-1_44;Chapter;;;;
Temporal ER Modeling with Description Logics;Conceptual Modeling É?? ER É??99;;;;10.1007/3-540-47866-3_6;Alessandro ArtaleEnrico Franconi;1999;http://link.springer.com/chapter/10.1007/3-540-47866-3_6;Chapter;;;;
Representing and Reasoning on Database Conceptual Schemas;Knowledge and Information Systems;;3;1;10.1007/PL00011659;M.-S. HacidJ.-M. PetitF. Toumani;2001;http://link.springer.com/article/10.1007/PL00011659;Article;;;;
A Temporal Description Logic for Reasoning over Conceptual Schemas and Queries;Logics in Artificial Intelligence;;;;10.1007/3-540-45757-7_9;Alessandro ArtaleEnrico FranconiFrank WolterMichael Zakharyaschev;2002;http://link.springer.com/chapter/10.1007/3-540-45757-7_9;Chapter;;;;
Combining Answer Set Programming with Description Logics for Analogical Reasoning Under an AgentÉ??s Preferences;Advances in Artificial Intelligence: From Theory to Practice;;;;10.1007/978-3-319-60045-1_33;Teeradaj RacharakSatoshi TojoNguyen Duy HungPrachya Boonkwan;2017;http://link.springer.com/chapter/10.1007/978-3-319-60045-1_33;Chapter;;;;
On Z39.50 wrapping and description logics;International Journal on Digital Libraries;;3;3;10.1007/s007990000036;Yannis VelegrakisVassilis ChristophidesPanos Constantopoulos;2000;http://link.springer.com/article/10.1007/s007990000036;Article;;;;
Declarative Specification of Z39.50 Wrappers Using Description Logics;Research and Advanced Technology for Digital Libraries;;;;10.1007/3-540-48155-9_24;Yannis VelegrakisVassilis ChristophidesPanos Constantopoulos;1999;http://link.springer.com/chapter/10.1007/3-540-48155-9_24;Chapter;;;;
Effective support of databases with ontological dependencies: Relational languages instead of description logics;Programming and Computer Software;;38;6;10.1134/S0361768812060059;L. A. Kalinichenko;2012;http://link.springer.com/article/10.1134/S0361768812060059;Article;;;;
Managing Uncertainty and Vagueness in Description Logics; Logic Programs and Description Logic Programs;Reasoning Web;;;10.1007/978-3-540-85658-0_2;Umberto Straccia;2008;http://link.springer.com/chapter/10.1007/978-3-540-85658-0_2;Chapter;;;;
Foundations of Temporal Conceptual Data Models;Conceptual Modeling: Foundations and Applications;;;;10.1007/978-3-642-02463-4_2;Alessandro ArtaleEnrico Franconi;2009;http://link.springer.com/chapter/10.1007/978-3-642-02463-4_2;Chapter;;;;
Nonstandard Inferences in Description Logics: The Story So Far;Mathematical Problems from Applied Logic I;;;;10.1007/0-387-31072-X_1;Franz BaaderRalf K«¨sters;2006;http://link.springer.com/chapter/10.1007/0-387-31072-X_1;Chapter;;;;
Tightly Coupled Probabilistic Description Logic Programs for the Semantic Web;Journal on Data Semantics XII;;;;10.1007/978-3-642-00685-2_4;Andrea Cal«™Thomas LukasiewiczLivia PredoiuHeiner Stuckenschmidt;2009;http://link.springer.com/chapter/10.1007/978-3-642-00685-2_4;Chapter;;;;
On Using Conceptual Modeling for Ontologies;Web Information Systems É?? WISE 2004 Workshops;;;;10.1007/978-3-540-30481-4_3;S. SpaccapietraC. ParentC. VangenotN. Cullot;2004;http://link.springer.com/chapter/10.1007/978-3-540-30481-4_3;Chapter;;;;
A Plausibility Description Logic for Handling Information Sources with Heterogeneous Data Representation Formats;Annals of Mathematics and Artificial Intelligence;;39;4;10.1023/A:1026094327713;Luigi PalopoliGiorgio TerracinaDomenico Ursino;2003;http://link.springer.com/article/10.1023/A%3A1026094327713;Article;;;;
On Expressive Description Logics with Composition of Roles in Number Restrictions;Logic for Programming; Artificial Intelligence; and Reasoning;;10.1007/3-540-36078-6_14;Fabio Grandi;2002;http://link.springer.com/chapter/10.1007/3-540-36078-6_14;Chapter;;;;
An Overview of Tableau Algorithms for Description Logics;Studia Logica;;69;1;10.1023/A:1013882326814;Franz BaaderUlrike Sattler;2001;http://link.springer.com/article/10.1023/A%3A1013882326814;Article;;;;
Dynamic description logic model for data integration;Frontiers of Computer Science in China;;2;3;10.1007/s11704-008-0030-y;Guoshun HaoShilong MaYuefei SuiJianghua Lv;2008;http://link.springer.com/article/10.1007/s11704-008-0030-y;Article;;;;
The Complexity of Finite Model Reasoning in Description Logics;Automated Deduction É?? CADE-19;;;;10.1007/978-3-540-45085-6_6;Carsten LutzUlrike SattlerLidia Tendera;2003;http://link.springer.com/chapter/10.1007/978-3-540-45085-6_6;Chapter;;;;
Formal and Conceptual Comparison of Ontology Mapping Languages;Modular Ontologies;;;;10.1007/978-3-642-01907-4_13;Saartje BrockmansPeter HaaseLuciano SerafiniHeiner Stuckenschmidt;2009;http://link.springer.com/chapter/10.1007/978-3-642-01907-4_13;Chapter;;;;
Description Logics: Formal Foundation for Web Ontology Engineering;Description Logics in Multimedia Reasoning;;;;10.1007/978-3-319-54066-5_4;Leslie F. Sikos;2017;http://link.springer.com/chapter/10.1007/978-3-319-54066-5_4;Chapter;;;;
Reasoning in Description Logics: Basics; Extensions; and Relatives;Reasoning Web;;10.1007/978-3-540-74615-7_2;Ulrike Sattler;2007;http://link.springer.com/chapter/10.1007/978-3-540-74615-7_2;Chapter;;;;
A Tableau Algorithm for Description Logics with Concrete Domains and General TBoxes;Journal of Automated Reasoning;;38;01/mar;10.1007/s10817-006-9049-7;Carsten LutzMaja Miliéçié?;2007;http://link.springer.com/article/10.1007/s10817-006-9049-7;Article;;;;
Ontologies and Databases: The DL-Lite Approach;Reasoning Web. Semantic Technologies for Information Systems;;;;10.1007/978-3-642-03754-2_7;Diego CalvaneseGiuseppe De GiacomoDomenico LemboMaurizio LenzeriniAntonella PoggiMariano Rodriguez-MuroRiccardo Rosati;2009;http://link.springer.com/chapter/10.1007/978-3-642-03754-2_7;Chapter;;;;
Generic Conceptual Framework for Handling Schema Diversity during Source Integration;Advances in Databases and Information Systems;;;;10.1007/978-3-642-32741-4_14;Selma KhouriLadjel BellatrecheNabila Berkani;2013;http://link.springer.com/chapter/10.1007/978-3-642-32741-4_14;Chapter;;;;
Trends and Issues in Description Logics Frameworks for Image Interpretation;Artificial Intelligence: Theories; Models and Applications;;;10.1007/978-3-642-12842-4_10;Stamatia DasiopoulouIoannis Kompatsiaris;2010;http://link.springer.com/chapter/10.1007/978-3-642-12842-4_10;Chapter;;;;
Distributed Description Logics: Assimilating Information from Peer Sources;Journal on Data Semantics I;;;;10.1007/978-3-540-39733-5_7;Alex BorgidaLuciano Serafini;2003;http://link.springer.com/chapter/10.1007/978-3-540-39733-5_7;Chapter;;;;
Applying Formal Concept Analysis to Description Logics;Concept Lattices;;;;10.1007/978-3-540-24651-0_24;Franz BaaderBaris Sertkaya;2004;http://link.springer.com/chapter/10.1007/978-3-540-24651-0_24;Chapter;;;;
Carnap; Goguen; and the Hyperontologies: Logical Pluralism and Heterogeneous Structuring in Ontology Design;Logica Universalis;4;10.1007/s11787-010-0020-3;Oliver KutzTill MossakowskiDominik L«¨cke;2010;http://link.springer.com/article/10.1007/s11787-010-0020-3;Article;;;;
Description Logics with Contraries; Contradictories; and Subcontraries;New Generation Computing;;10.1007/s00354-007-0028-2;Ken Kaneiwa;2007;http://link.springer.com/article/10.1007/s00354-007-0028-2;Article;;;;
Reasoning in Description Logics by a Reduction to Disjunctive Datalog;Journal of Automated Reasoning;;39;3;10.1007/s10817-007-9080-3;Ullrich HustadtBoris MotikUlrike Sattler;2007;http://link.springer.com/article/10.1007/s10817-007-9080-3;Article;;;;
Modeling the Evolution of Objects in Temporal Information Systems;Foundations of Information and Knowledge Systems;;;;10.1007/11663881_3;A. ArtaleC. ParentS. Spaccapietra;2006;http://link.springer.com/chapter/10.1007/11663881_3;Chapter;;;;
Combining Description Logics; Description Graphs; and Rules;Frontiers of Combining Systems;;10.1007/978-3-642-04222-5_3;Boris Motik;2009;http://link.springer.com/chapter/10.1007/978-3-642-04222-5_3;Chapter;;;;
A Tableau Algorithm for Description Logics with Concrete Domains and GCIs;Automated Reasoning with Analytic Tableaux and Related Methods;;;;10.1007/11554554_16;Carsten LutzMaja Miliéçié?;2005;http://link.springer.com/chapter/10.1007/11554554_16;Chapter;;;;
An Architecture Description Language Based on Dynamic Description Logics;Intelligent Information Processing VI;;;;10.1007/978-3-642-32891-6_21;Zhuxiao WangHui PengJing GuoYing ZhangKehe WuHuan XuXiaofeng Wang;2012;http://link.springer.com/chapter/10.1007/978-3-642-32891-6_21;Chapter;;;;
Reasoning and Query Answering in Description Logics;Reasoning Web. Semantic Technologies for Advanced Query Answering;;;;10.1007/978-3-642-33158-9_1;Magdalena OrtizMantas èˇimkus;2012;http://link.springer.com/chapter/10.1007/978-3-642-33158-9_1;Chapter;;;;
A Hybrid System Combining Description Logics and Rules for Inventive Design;Knowledge-Based and Intelligent Information and Engineering Systems;;;;10.1007/978-3-642-04595-0_11;Alexis BulteyCecilia Zanni-MerkFran«ıois RousselotFran«ıois de Beuvron;2009;http://link.springer.com/chapter/10.1007/978-3-642-04595-0_11;Chapter;;;;
Evolving objects in temporal information systems;Annals of Mathematics and Artificial Intelligence;;50;01/fev;10.1007/s10472-007-9068-z;Alessandro ArtaleChristine ParentStefano Spaccapietra;2007;http://link.springer.com/article/10.1007/s10472-007-9068-z;Article;;;;
Temporal Query Answering in the Description Logic DL-Lite;Frontiers of Combining Systems;;;;10.1007/978-3-642-40885-4_11;Stefan BorgwardtMarcel LippmannVeronika Thost;2013;http://link.springer.com/chapter/10.1007/978-3-642-40885-4_11;Chapter;;;;
MurO: A Multi-representation Ontology as a Foundation of Enterprise Information Systems;Intelligent Information Technology;;;;10.1007/978-3-540-30561-3_31;Rami RifaiehAhmed AraraA«Ócha Nabila Benharkat;2005;http://link.springer.com/chapter/10.1007/978-3-540-30561-3_31;Chapter;;;;
Revisiting Default Description Logics É?? and Their Role in Aligning Ontologies;Semantic Technology;;;;10.1007/978-3-319-15615-6_1;Kunal SenguptaPascal HitzlerKrzysztof Janowicz;2015;http://link.springer.com/chapter/10.1007/978-3-319-15615-6_1;Chapter;;;;
Knowledge Representation and Ontologies;Semantic Web Services;;;;10.1007/3-540-70894-4_3;Grimm É??st StephanHitzler É??st PascalAbecker É??st Andreas;2007;http://link.springer.com/chapter/10.1007/3-540-70894-4_3;Chapter;;;;
Derivation Rules in Object-Oriented Conceptual Modeling Languages;Advanced Information Systems Engineering;;;;10.1007/3-540-45017-3_28;Antoni Oliv«∏;2003;http://link.springer.com/chapter/10.1007/3-540-45017-3_28;Chapter;;;;
Reasoning on temporal class diagrams: Undecidability results;Annals of Mathematics and Artificial Intelligence;;46;3;10.1007/s10472-006-9019-0;Alessandro Artale;2006;http://link.springer.com/article/10.1007/s10472-006-9019-0;Article;;;;
Ontology-Based Reasoning Techniques for Multimedia Interpretation and Retrieval;Semantic Multimedia and Ontologies;;;;10.1007/978-1-84800-076-6_3;Ralf M«ÙllerBernd Neumann;2008;http://link.springer.com/chapter/10.1007/978-1-84800-076-6_3;Chapter;;;;
Incorporating generalized quantifiers into description logic for representing data source contents;Data Mining and Reverse Engineering;;;;10.1007/978-0-387-35300-5_14;S. Y. TuS. Madnick;1998;http://link.springer.com/chapter/10.1007/978-0-387-35300-5_14;Chapter;;;;
Ontology Reasoning with Large Data Repositories;Ontology Management;;;;10.1007/978-0-387-69900-4_4;Stijn HeymansLi MaDarko AnicicZhilei MaNathalie SteinmetzYue PanJing MeiAchille FokoueAditya KalyanpurAaron KershenbaumEdith SchonbergKavitha SrinivasCristina FeierGraham HenchBranimir WetzsteinUwe Keller;2008;http://link.springer.com/chapter/10.1007/978-0-387-69900-4_4;Chapter;;;;
Rational Closure for Defeasible Description Logics;Logics in Artificial Intelligence;;;;10.1007/978-3-642-15675-5_9;Giovanni CasiniUmberto Straccia;2010;http://link.springer.com/chapter/10.1007/978-3-642-15675-5_9;Chapter;;;;
A Decidable Very Expressive Description Logic for Databases;The Semantic Web É?? ISWC 2017;;;;10.1007/978-3-319-68288-4_3;Alessandro ArtaleEnrico FranconiRafael Pe«ÒalozaFrancesco Sportelli;2017;http://link.springer.com/chapter/10.1007/978-3-319-68288-4_3;Chapter;;;;
Integrity Constraints Definition in Object-Oriented Conceptual Modeling Languages;Conceptual Modeling - ER 2003;;;;10.1007/978-3-540-39648-2_28;Antoni Oliv«∏;2003;http://link.springer.com/chapter/10.1007/978-3-540-39648-2_28;Chapter;;;;
Modelling the CBR Life Cycle Using Description Logics É??;Case-Based Reasoning Research and Development;;;;10.1007/3-540-48508-2_11;Mercedes G«¸mez-Albarr«≠nPedro A. Gonz«≠lez-CaleroBel«∏n D«az-AgudoCarlos Fern«≠ndez-Conde;1999;http://link.springer.com/chapter/10.1007/3-540-48508-2_11;Chapter;;;;
The Web Service Modeling Language;Semantic Web Services;;;;10.1007/978-3-642-19193-0_8;Prof. Dieter FenselDr. Federico Michele FaccaDr. Elena SimperlIoan Toma;2011;http://link.springer.com/chapter/10.1007/978-3-642-19193-0_8;Chapter;;;;
Conjunctive Query Answering in Finitely-Valued Fuzzy Description Logics;Web Reasoning and Rule Systems;;;;10.1007/978-3-319-11113-1_9;Theofilos MailisRafael Pe«ÒalozaAnni-Yasmin Turhan;2014;http://link.springer.com/chapter/10.1007/978-3-319-11113-1_9;Chapter;;;;
On Using Conceptual Data Modeling for Ontology Engineering;Journal on Data Semantics I;;;;10.1007/978-3-540-39733-5_8;Mustafa JarrarJan DemeyRobert Meersman;2003;http://link.springer.com/chapter/10.1007/978-3-540-39733-5_8;Chapter;;;;
OSM-Logic: A Fact-Oriented; Time-Dependent Formalization of Object-oriented Systems Modeling;Conceptual Modelling and Its Theoretical Foundations;;;10.1007/978-3-642-28279-9_12;Stephen W. ClydeDavid W. EmbleyStephen W. LiddleScott N. Woodfield;2012;http://link.springer.com/chapter/10.1007/978-3-642-28279-9_12;Chapter;;;;
Description Logics as Ontology Languages for the Semantic Web;Mechanizing Mathematical Reasoning;;;;10.1007/978-3-540-32254-2_14;Franz BaaderIan HorrocksUlrike Sattler;2005;http://link.springer.com/chapter/10.1007/978-3-540-32254-2_14;Chapter;;;;
A Knowledge Based Paradigm for Querying Databases;Database and Expert Systems Applications;;;;10.1007/3-540-44469-6_74;Paolo BrescianiMichele NoriNicola Pedot;2000;http://link.springer.com/chapter/10.1007/3-540-44469-6_74;Chapter;;;;
The Web Service Modeling Language WSML: An Overview;The Semantic Web: Research and Applications;;;;10.1007/11762256_43;Jos de BruijnHolger LausenAxel PolleresDieter Fensel;2006;http://link.springer.com/chapter/10.1007/11762256_43;Chapter;;;;
Formal Representation of Fuzzy Data Model Using Description Logic;Computational Science and Its Applications É?? ICCSA 2013;;;;10.1007/978-3-642-39649-6_8;Indira BhattacharyaSoumya K. Ghosh;2013;http://link.springer.com/chapter/10.1007/978-3-642-39649-6_8;Chapter;;;;
Combinations of Modal Logics;Artificial Intelligence Review;;17;1;10.1023/A:1015057926707;Brandon BennettClare DixonMichael FisherUllrich HustadtEnrico FranconiIan HorrocksMaarten de Rijke;2002;http://link.springer.com/article/10.1023/A%3A1015057926707;Article;;;;
Linking Data to Ontologies;Journal on Data Semantics X;;;;10.1007/978-3-540-77688-8_5;Antonella PoggiDomenico LemboDiego CalvaneseGiuseppe De GiacomoMaurizio LenzeriniRiccardo Rosati;2008;http://link.springer.com/chapter/10.1007/978-3-540-77688-8_5;Chapter;;;;
Description Logics;Reasoning Web. Semantic Technologies for Information Systems;;;;10.1007/978-3-642-03754-2_1;Franz Baader;2009;http://link.springer.com/chapter/10.1007/978-3-642-03754-2_1;Chapter;;;;
Dynamic Description Logic Based on DL-Lite;Intelligent Information Processing VII;;;;10.1007/978-3-662-44980-6_19;Na ZhangLiang ChangZhoubo XuTianlong Gu;2014;http://link.springer.com/chapter/10.1007/978-3-662-44980-6_19;Chapter;;;;
Provenance Analysis: A Perspective for Description Logics?;Description Logic; Theory Combination; and All That;;10.1007/978-3-030-22102-7_12;Katrin M. DannertErich Gr«œdel;2019;http://link.springer.com/chapter/10.1007/978-3-030-22102-7_12;Chapter;;;;
Revisiting Grounded Circumscription in Description Logics;Web Reasoning and Rule Systems;;;;10.1007/978-3-319-45276-0_5;Stathis DelivoriasSebastian Rudolph;2016;http://link.springer.com/chapter/10.1007/978-3-319-45276-0_5;Chapter;;;;
Knowledge Based Systems Technology and Applications in Image Retrieval;Intelligent Knowledge-Based Systems;;;;10.1007/978-1-4020-7829-3_11;Eugenio Di SciascioFrancesco M. DoniniMarina Mongiello;2005;http://link.springer.com/chapter/10.1007/978-1-4020-7829-3_11;Chapter;;;;
Description Logics and Specialization for Structured BPMN;Business Process Management Workshops;;;;10.1007/978-3-030-37453-2_3;Alexander BorgidaVarvara KalokyriAm«∏lie Marian;2019;http://link.springer.com/chapter/10.1007/978-3-030-37453-2_3;Chapter;;;;
Description Logics in Ontology Applications;Automated Reasoning with Analytic Tableaux and Related Methods;;;;10.1007/11554554_2;Ian Horrocks;2005;http://link.springer.com/chapter/10.1007/11554554_2;Chapter;;;;
Multidimensional Data Models and Aggregation;Fundamentals of Data Warehouses;;;;10.1007/978-3-662-05153-5_5;Matthias JarkeMaurizio LenzeriniYannis VassiliouPanos Vassiliadis;2003;http://link.springer.com/chapter/10.1007/978-3-662-05153-5_5;Chapter;;;;
Multidimensional Data Models and Aggregation;Fundamentals of Data Warehouses;;;;10.1007/978-3-662-04138-3_5;Matthias JarkeMaurizio LenzeriniYannis VassiliouPanos Vassiliadis;2000;http://link.springer.com/chapter/10.1007/978-3-662-04138-3_5;Chapter;;;;
A Knowledge-Based Query System for Biological Databases;Flexible Query Answering Systems;;;;10.1007/3-540-36109-X_7;Paolo BrescianiPaolo Fontana;2002;http://link.springer.com/chapter/10.1007/3-540-36109-X_7;Chapter;;;;
Schema Evolution and Versioning: A Logical and Computational Characterisation;Database Schema Evolution and Meta-Modeling;;;;10.1007/3-540-48196-6_5;Enrico FranconiFabio GrandiFederica Mandreoli;2001;http://link.springer.com/chapter/10.1007/3-540-48196-6_5;Chapter;;;;
On the Use of Description Logic for Semantic Interoperability of Enterprise Systems;On the Move to Meaningful Internet Systems: OTM 2009 Workshops;;;;10.1007/978-3-642-05290-3_31;Esma YahiaJing YangAlexis AubryHerv«∏ Panetto;2009;http://link.springer.com/chapter/10.1007/978-3-642-05290-3_31;Chapter;;;;
A Description Logic for InferenceNet.Br;Computational Processing of the Portuguese Language;;;;10.1007/978-3-642-28885-2_34;Wellington FrancoThiago AlvesHenrique VianaJo«úo Alc«Ωntara;2012;http://link.springer.com/chapter/10.1007/978-3-642-28885-2_34;Chapter;;;;
How to Decide Query Containment under Constraints Using a Description Logic;Logic for Programming and Automated Reasoning;;;;10.1007/3-540-44404-1_21;Ian HorrocksUlrike SattlerSergio TessarisStephan Tobies;2000;http://link.springer.com/chapter/10.1007/3-540-44404-1_21;Chapter;;;;
Conceptual Schema-Centric Development: A Grand Challenge for Information Systems Research;Advanced Information Systems Engineering;;;;10.1007/11431855_1;Antoni Oliv«∏;2005;http://link.springer.com/chapter/10.1007/11431855_1;Chapter;;;;
A hybrid reasoning system for terminologies and first-order clauses in knowledge bases;New Generation Computing;;24;1;10.1007/BF03037292;Ken Kaneiwa;2006;http://link.springer.com/article/10.1007/BF03037292;Article;;;;
Conceptual Graph: An Approach to Improve Quality of Business Services Modeling;Web Information Systems Engineering É?? WISE 2013 Workshops;;;;10.1007/978-3-642-54370-8_20;Xiaofeng DuWilliam W. Song;2014;http://link.springer.com/chapter/10.1007/978-3-642-54370-8_20;Chapter;;;;
Integration Proposal for Description Logic and Attributive Logic∂ˇÉ?? Towards Semantic Web Rules;Transactions on Computational Collective Intelligence II;;;;10.1007/978-3-642-17155-0_1;Grzegorz J. NalepaWeronika T. Furmaè?ska;2010;http://link.springer.com/chapter/10.1007/978-3-642-17155-0_1;Chapter;;;;
On the Undecidability of Fuzzy Description Logics with GCIs and Product T-norm;Frontiers of Combining Systems;;;;10.1007/978-3-642-24364-6_5;Franz BaaderRafael Pe«Òaloza;2011;http://link.springer.com/chapter/10.1007/978-3-642-24364-6_5;Chapter;;;;
A Semantic Approach for Schema Evolution and Versioning in Object-Oriented Databases;Computational Logic É?? CL 2000;;;;10.1007/3-540-44957-4_70;Enrico FranconiFabio GrandiFederica Mandreoli;2000;http://link.springer.com/chapter/10.1007/3-540-44957-4_70;Chapter;;;;
Modeling and Representing Structures for Analyzing Spatial Organization in Agronomy;Conceptual Structures for Knowledge Creation and Communication;;;;10.1007/978-3-540-45091-7_15;Jean-Luc MetzgerFlorence Le BerAmedeo Napoli;2003;http://link.springer.com/chapter/10.1007/978-3-540-45091-7_15;Chapter;;;;
Modularization;Information Sharing on the Semantic Web;;;;10.1007/3-540-26907-X_10;;2005;http://link.springer.com/chapter/10.1007/3-540-26907-X_10;Chapter;;;;
Reasoning about Duplicate Elimination with Description Logic;Computational Logic É?? CL 2000;;;;10.1007/3-540-44957-4_68;Vitaliy L. KhizderDavid TomanGrant Weddell;2000;http://link.springer.com/chapter/10.1007/3-540-44957-4_68;Chapter;;;;
Spatio-temporal Schema Integration with Validation: A Practical Approach;On the Move to Meaningful Internet Systems 2005: OTM 2005 Workshops;;;;10.1007/11575863_125;A. SotnykovaN. CullotC. Vangenot;2005;http://link.springer.com/chapter/10.1007/11575863_125;Chapter;;;;
Ontology-Based Data Access with Databases: A Short Course;Reasoning Web. Semantic Technologies for Intelligent Data Access;;;;10.1007/978-3-642-39784-4_5;Roman KontchakovMariano Rodr«guez-MuroMichael Zakharyaschev;2013;http://link.springer.com/chapter/10.1007/978-3-642-39784-4_5;Chapter;;;;
Semantic web reasoners and languages;Artificial Intelligence Review;;35;4;10.1007/s10462-010-9197-3;R. B. MishraSandeep Kumar;2011;http://link.springer.com/article/10.1007/s10462-010-9197-3;Article;;;;
Towards Formal Ontologies Requirements with Multiple Perspectives;Flexible Query Answering Systems;;;;10.1007/978-3-540-25957-2_13;Ahmed AraraDjamal Benslimane;2004;http://link.springer.com/chapter/10.1007/978-3-540-25957-2_13;Chapter;;;;
Modeling Ontological Structures with Type Classes in Coq;Conceptual Structures for STEM Research and Education;;;;10.1007/978-3-642-35786-2_11;Richard DapoignyPatrick Barlatier;2013;http://link.springer.com/chapter/10.1007/978-3-642-35786-2_11;Chapter;;;;
Formal Semantics of SGs;Graph-based Knowledge Representation;;;;10.1007/978-1-84800-286-9_4;;2009;http://link.springer.com/chapter/10.1007/978-1-84800-286-9_4;Chapter;;;;
Semantic Mapping with a Probabilistic Description Logic;Advances in Artificial Intelligence É?? SBIA 2010;;;;10.1007/978-3-642-16138-4_7;Rodrigo PolastroFabiano Corr«¶aFabio CozmanJun Okamoto Jr.;2010;http://link.springer.com/chapter/10.1007/978-3-642-16138-4_7;Chapter;;;;
A Strategy to Revise the Constraints of the Mediated Schema;Conceptual Modeling - ER 2009;;;;10.1007/978-3-642-04840-1_21;Marco A. CasanovaTanara LauschnerLuiz Andr«∏ P. Paes LemeKarin K. BreitmanAntonio L. FurtadoV«Ωnia M. P. Vidal;2009;http://link.springer.com/chapter/10.1007/978-3-642-04840-1_21;Chapter;;;;
OWL for the Novice: A Logical Perspective;Semantic Web;;;;10.1007/978-0-387-48438-9_9;Jeff Z. Pan;2007;http://link.springer.com/chapter/10.1007/978-0-387-48438-9_9;Chapter;;;;
Multimedia Ontology Engineering;Description Logics in Multimedia Reasoning;;;;10.1007/978-3-319-54066-5_5;Leslie F. Sikos;2017;http://link.springer.com/chapter/10.1007/978-3-319-54066-5_5;Chapter;;;;
Tractable Query Answering over Conceptual Schemata;Conceptual Modeling - ER 2009;;;;10.1007/978-3-642-04840-1_15;Andrea Cal«™Georg GottlobAndreas Pieris;2009;http://link.springer.com/chapter/10.1007/978-3-642-04840-1_15;Chapter;;;;
Semantic Representation of Multimedia Content;Knowledge-Driven Multimedia Information Extraction and Ontology Evolution;;;;10.1007/978-3-642-20795-2_2;Kalliopi DalakleidiStamatia DasiopoulouGiorgos StoilosVassilis TzouvarasGiorgos StamouYiannis Kompatsiaris;2011;http://link.springer.com/chapter/10.1007/978-3-642-20795-2_2;Chapter;;;;
Model Driven Engineering with Ontology Technologies;Reasoning Web. Semantic Technologies for Software Engineering;;;;10.1007/978-3-642-15543-7_3;Steffen StaabTobias WalterGerd Gr«ÙnerFernando Silva Parreiras;2010;http://link.springer.com/chapter/10.1007/978-3-642-15543-7_3;Chapter;;;;
Semantic Annotations in Web Services;Semantic Web Services; Processes and Applications;;;10.1007/978-0-387-34685-4_2;Meenakshi Nagarajan;2006;http://link.springer.com/chapter/10.1007/978-0-387-34685-4_2;Chapter;;;;
Accounting for Social; Spatial; and Textual Interconnections;Computer Applications for Handling Legal Evidence; Police Investigation and Case Argumentation;10.1007/978-90-481-8990-8_6;Dr. Ephraim Nissan;2012;http://link.springer.com/chapter/10.1007/978-90-481-8990-8_6;Chapter;;;;
OWL 2 Profiles: An Introduction to Lightweight Ontology Languages;Reasoning Web. Semantic Technologies for Advanced Query Answering;;;;10.1007/978-3-642-33158-9_4;Markus Kr«Ùtzsch;2012;http://link.springer.com/chapter/10.1007/978-3-642-33158-9_4;Chapter;;;;
Reasoning with Rules and Ontologies;Reasoning Web;;;;10.1007/11837787_4;Thomas EiterGiovambattista IanniAxel PolleresRoman SchindlauerHans Tompits;2006;http://link.springer.com/chapter/10.1007/11837787_4;Chapter;;;;
A Logic-Based System for Application Integration;Logic Programming;;;;10.1007/3-540-45619-8_31;Tam«≠s Benkè?P«∏ter KrauthP«∏ter Szeredi;2002;http://link.springer.com/chapter/10.1007/3-540-45619-8_31;Chapter;;;;
A Formal Framework for Reasoning on UML Class Diagrams;Foundations of Intelligent Systems;;;;10.1007/3-540-48050-1_54;Andrea Cal«™Diego CalvaneseGiuseppe De GiacomoMaurizio Lenzerini;2002;http://link.springer.com/chapter/10.1007/3-540-48050-1_54;Chapter;;;;
G-Map Semantic Mapping Approach to Improve Semantic Interoperability of Distributed Geospatial Web Services;Advances in Conceptual Modeling É?? Applications and Challenges;;;;10.1007/978-3-642-16385-2_3;Mohamed BakillahMir Abolfazl Mostafavi;2010;http://link.springer.com/chapter/10.1007/978-3-642-16385-2_3;Chapter;;;;
Answer Set Programming: A Primer;Reasoning Web. Semantic Technologies for Information Systems;;;;10.1007/978-3-642-03754-2_2;Thomas EiterGiovambattista IanniThomas Krennwallner;2009;http://link.springer.com/chapter/10.1007/978-3-642-03754-2_2;Chapter;;;;
Multimedia; Broadcasting; and eCulture;Handbook of Semantic Web Technologies;;10.1007/978-3-540-92913-0_21;Lyndon NixonStamatia DasiopoulouJean-Pierre EvainEero Hyv«ÙnenIoannis KompatsiarisRapha«Æl Troncy;2011;http://link.springer.com/referenceworkentry/10.1007/978-3-540-92913-0_21;ReferenceWorkEntry;;;;
Issues in an inference platform for generating deductive knowledge: a case study in cultural heritage digital libraries using the CIDOC CRM;International Journal on Digital Libraries;;8;2;10.1007/s00799-008-0034-0;Chia-Hung LinJen-Shin HongMartin Doerr;2008;http://link.springer.com/article/10.1007/s00799-008-0034-0;Article;;;;
A Knowledge-Based Approach to Visual Information;Journal of Intelligent Information Systems;;19;3;10.1023/A:1020145906546;Elisa BertinoAhmed K. ElmagarmidMohand-Sa«Ód Hacid;2002;http://link.springer.com/article/10.1023/A%3A1020145906546;Article;;;;
Matching Techniques; Algorithms; and Systems;Taxonomy Matching Using Background Knowledge;;10.1007/978-3-319-72209-2_3;Heiko AngermannNaeem Ramzan;2017;http://link.springer.com/chapter/10.1007/978-3-319-72209-2_3;Chapter;;;;
An intelligent information system for heterogeneous data exploration;Object-Oriented Methodologies and Systems;;;;10.1007/BFb0014032;Maria Luisa Damiani;1994;http://link.springer.com/chapter/10.1007/BFb0014032;Chapter;;;;
Lightweight Ontologies;Theory and Applications of Ontology: Computer Applications;;;;10.1007/978-90-481-8847-5_9;John Davies;2010;http://link.springer.com/chapter/10.1007/978-90-481-8847-5_9;Chapter;;;;
Methodology for Semantic Representing of Product Data in XML;Content Computing;;;;10.1007/978-3-540-30483-8_46;Xiangjun FuShanping LiMing GuoNizamuddin Channa;2004;http://link.springer.com/chapter/10.1007/978-3-540-30483-8_46;Chapter;;;;
Integrity constraints in OWL ontologies based on grounded circumscription;Frontiers of Computer Science;;7;6;10.1007/s11704-013-2284-2;Dantong OuyangXianji CuiYuxin Ye;2013;http://link.springer.com/article/10.1007/s11704-013-2284-2;Article;;;;
Applying Functional Languages in Knowledge-Based Information Integration Systems;The Functional Approach to Data Management;;;;10.1007/978-3-662-05372-0_10;Martin PeimNorman W. PatonEnrico Franconi;2004;http://link.springer.com/chapter/10.1007/978-3-662-05372-0_10;Chapter;;;;
Complexity of Reasoning over Temporal Data Models;Conceptual Modeling É?? ER 2010;;;;10.1007/978-3-642-16373-9_13;Alessandro ArtaleRoman KontchakovVladislav RyzhikovMichael Zakharyaschev;2010;http://link.springer.com/chapter/10.1007/978-3-642-16373-9_13;Chapter;;;;
Fuzzy Ontology Modeling by Utilizing Fuzzy Set and Fuzzy Description Logic;Modern Approaches for Intelligent Information and Database Systems;;;;10.1007/978-3-319-76081-0_2;Xuan Hung QuachThi Lan Giao Hoang;2018;http://link.springer.com/chapter/10.1007/978-3-319-76081-0_2;Chapter;;;;
Cross: An OWL Wrapper for Reasoning on Relational Databases;Conceptual Modeling - ER 2007;;;;10.1007/978-3-540-75563-0_34;Pierre-Antoine ChampinGeert-Jan HoubenPhilippe Thiran;2007;http://link.springer.com/chapter/10.1007/978-3-540-75563-0_34;Chapter;;;;
Understanding a Probabilistic Description Logic via Connections to First-Order Logic of Probability;Uncertainty Reasoning for the Semantic Web II;;;;10.1007/978-3-642-35975-0_3;Pavel KlinovBijan Parsia;2013;http://link.springer.com/chapter/10.1007/978-3-642-35975-0_3;Chapter;;;;
Reasoning over Extended ER Models;Conceptual Modeling - ER 2007;;;;10.1007/978-3-540-75563-0_20;A. ArtaleD. CalvaneseR. KontchakovV. RyzhikovM. Zakharyaschev;2007;http://link.springer.com/chapter/10.1007/978-3-540-75563-0_20;Chapter;;;;
An overview of distance and similarity functions for structured data;Artificial Intelligence Review;;;;10.1007/s10462-020-09821-w;Santiago Onta«Ò«¸n;2020;http://link.springer.com/article/10.1007/s10462-020-09821-w;Article;;;;
Extension of OWL with Dynamic Fuzzy Logic;Advances in Web and Network Technologies; and Information Management;;;10.1007/978-3-642-03996-6_7;Zhiming CuiWei FangXuefeng XianShukui ZhangPengpeng Zhao;2009;http://link.springer.com/chapter/10.1007/978-3-642-03996-6_7;Chapter;;;;
Software Modeling Using Ontology Technologies;Foundations for the Web of Information and Services;;;;10.1007/978-3-642-19797-0_11;Gerd Gr«ÙnerFernando Silva ParreirasSteffen StaabTobias Walter;2011;http://link.springer.com/chapter/10.1007/978-3-642-19797-0_11;Chapter;;;;
A Reasoner for Simple Conceptual Logic Programs;Web Reasoning and Rule Systems;;;;10.1007/978-3-642-05082-4_5;Stijn HeymansCristina FeierThomas Eiter;2009;http://link.springer.com/chapter/10.1007/978-3-642-05082-4_5;Chapter;;;;
Modularity in Databases;Modular Ontologies;;;;10.1007/978-3-642-01907-4_6;Christine ParentStefano SpaccapietraEsteban Zim«≠nyi;2009;http://link.springer.com/chapter/10.1007/978-3-642-01907-4_6;Chapter;;;;
ParseTalk É?? The System Context;Grading Knowledge;;;;10.1007/3-540-46618-5_2;;1999;http://link.springer.com/chapter/10.1007/3-540-46618-5_2;Chapter;;;;
A Description Logic for Unifying Different Points of View;Knowledge Graphs and Semantic Web;;;;10.1007/978-3-030-21395-4_2;Paula SeveriEdelweis RohrerRegina Motz;2019;http://link.springer.com/chapter/10.1007/978-3-030-21395-4_2;Chapter;;;;
Towards a Fuzzy Description Logic for the Semantic Web (Preliminary Report);The Semantic Web: Research and Applications;;;;10.1007/11431053_12;U. Straccia;2005;http://link.springer.com/chapter/10.1007/11431053_12;Chapter;;;;
An Introduction to Ontology-Based Query Answering with Existential Rules;Reasoning Web. Reasoning on the Web in the Big Data Era;;;;10.1007/978-3-319-10587-1_6;Marie-Laure MugnierMicha«Æl Thomazo;2014;http://link.springer.com/chapter/10.1007/978-3-319-10587-1_6;Chapter;;;;
Fuzzy Logic; Annotation Domains and Semantic Web Languages;Scalable Uncertainty Management;;;10.1007/978-3-642-23963-2_2;Umberto Straccia;2011;http://link.springer.com/chapter/10.1007/978-3-642-23963-2_2;Chapter;;;;
Logic Programming Languages for Databases and the Web;A 25-Year Perspective on Logic Programming;;;;10.1007/978-3-642-14309-0_9;Sergio GrecoFrancesca A. Lisi;2010;http://link.springer.com/chapter/10.1007/978-3-642-14309-0_9;Chapter;;;;
Representing and Reasoning on Conceptual Queries Over Image Databases;Journal of Intelligent Information Systems;;14;02/mar;10.1023/A:1008731702009;Mohand-Sa«Ód Hacid;2000;http://link.springer.com/article/10.1023/A%3A1008731702009;Article;;;;
Conceptual Indexing of Television Images Based on Face and Caption Sizes and Locations;Advances in Visual Information Systems;;;;10.1007/3-540-40053-2_31;Remi RonfardChristophe GarciaJean Carrive;2000;http://link.springer.com/chapter/10.1007/3-540-40053-2_31;Chapter;;;;
BayesOWL: Uncertainty Modeling in Semantic Web Ontologies;Soft Computing in Ontologies and Semantic Web;;;;10.1007/978-3-540-33473-6_1;Zhongli DingYun PengRong Pan;2006;http://link.springer.com/chapter/10.1007/978-3-540-33473-6_1;Chapter;;;;
Accessing data in the semantic web: An intelligent data integration and navigation approaches;Artificial Intelligence Applications and Innovations;;;;10.1007/0-387-34224-9_14;Mourad Ouziri;2006;http://link.springer.com/chapter/10.1007/0-387-34224-9_14;Chapter;;;;
Ontology-Based Knowledge Management In The Steel Industry;The Semantic Web;;;;10.1007/978-0-387-48531-7_11;Jos«∏ Aranc«¸nLuis PoloDiego BerruetaFran«ıois-Marie LesaffreNicol«ˇs de AbajoAntonio Campos;2008;http://link.springer.com/chapter/10.1007/978-0-387-48531-7_11;Chapter;;;;
OWL schema matching;Journal of the Brazilian Computer Society;;16;1;10.1007/s13173-010-0005-3;Luiz Andr«∏ P. Paes LemeMarco A. CasanovaKarin K. BreitmanAntonio L. Furtado;2010;http://link.springer.com/article/10.1007/s13173-010-0005-3;Article;;;;
Reasoning in Semantic Web-based Systems;Semantic Web Information Management;;;;10.1007/978-3-642-04329-1_7;Florian FischerGulay Unel;2010;http://link.springer.com/chapter/10.1007/978-3-642-04329-1_7;Chapter;;;;
Relational concept analysis: mining concept lattices from multi-relational data;Annals of Mathematics and Artificial Intelligence;;67;1;10.1007/s10472-012-9329-3;Mohamed Rouane-HaceneMarianne HuchardAmedeo NapoliPetko Valtchev;2013;http://link.springer.com/article/10.1007/s10472-012-9329-3;Article;;;;
The Hybrid ◊¨-Calculus;Automated Reasoning;;;;10.1007/3-540-45744-5_7;Ulrike SattlerMoshe Y. Vardi;2001;http://link.springer.com/chapter/10.1007/3-540-45744-5_7;Chapter;;;;
A formal approach to model refactoring and model refinement;Software & Systems Modeling;;6;2;10.1007/s10270-006-0025-9;Ragnhild Van Der StraetenViviane JonckersTom Mens;2007;http://link.springer.com/article/10.1007/s10270-006-0025-9;Article;;;;
GeoMergeP: Geographic Information Integration through Enriched Ontology Matching;New Generation Computing;;28;1;10.1007/s00354-008-0074-4;Agustina BuccellaAlejandra CechichDomenico GendarmiFilippo LanubileGiovanni SemeraroAttilio Colagrossi;2010;http://link.springer.com/article/10.1007/s00354-008-0074-4;Article;;;;
Rules and Logic Programming for the Web;Reasoning Web. Semantic Technologies for the Web of Data;;;;10.1007/978-3-642-23032-5_6;Adrian Paschke;2011;http://link.springer.com/chapter/10.1007/978-3-642-23032-5_6;Chapter;;;;
Semantic Round-Tripping in Conceptual Modelling Using Restricted Natural Language;Databases Theory and Applications;;;;10.1007/978-3-030-39469-1_1;Bayzid Ashik HossainRolf Schwitter;2020;http://link.springer.com/chapter/10.1007/978-3-030-39469-1_1;Chapter;;;;
Organization and Management of Large Categorical Systems;Theory and Applications of Ontology: Computer Applications;;;;10.1007/978-90-481-8847-5_3;Frank Loebe;2010;http://link.springer.com/chapter/10.1007/978-90-481-8847-5_3;Chapter;;;;
Conceptual Navigation in RDF Graphs with SPARQL-Like Queries;Formal Concept Analysis;;;;10.1007/978-3-642-11928-6_14;S«∏bastien Ferr«∏;2010;http://link.springer.com/chapter/10.1007/978-3-642-11928-6_14;Chapter;;;;
Merging Model Driven Architecture and Semantic Web for Business Rules Generation;Web Reasoning and Rule Systems;;;;10.1007/978-3-540-72982-2_9;Mouhamed DioufSofian MaaboutKaninda Musumbu;2007;http://link.springer.com/chapter/10.1007/978-3-540-72982-2_9;Chapter;;;;
Ontologies for the Semantic Web in Casl;Recent Trends in Algebraic Development Techniques;;;;10.1007/978-3-540-31959-7_7;Klaus L«¨ttichTill MossakowskiBernd Krieg-Br«¨ckner;2005;http://link.springer.com/chapter/10.1007/978-3-540-31959-7_7;Chapter;;;;
Matching Semantic Service Descriptions with Local Closed-World Reasoning;The Semantic Web: Research and Applications;;;;10.1007/11762256_42;Stephan GrimmBoris MotikChris Preist;2006;http://link.springer.com/chapter/10.1007/11762256_42;Chapter;;;;
Semantic Web Services Fundamentals;Handbook of Service Description;;;;10.1007/978-1-4614-1864-1_6;Stijn HeymansJ«Ùrg HoffmannAnnapaola MarconiJoshua PhillipsIngo Weber;2012;http://link.springer.com/chapter/10.1007/978-1-4614-1864-1_6;Chapter;;;;
Querying Documents using Content; Structure and Properties;Journal of Intelligent Information Systems;;15;10.1023/A:1008784514647;Patrick LambrixNahid Shahmehri;2000;http://link.springer.com/article/10.1023/A%3A1008784514647;Article;;;;
A fuzzy ontology-based approach for tool-supported decision making in architectural design;Knowledge and Information Systems;;58;1;10.1007/s10115-018-1182-1;Tommaso Di NoiaMarina MongielloFrancesco NoceraUmberto Straccia;2019;http://link.springer.com/article/10.1007/s10115-018-1182-1;Article;;;;
Applications of Metadata and Ontologies;The Semantic Web;;;;10.1007/978-3-540-76452-6_7;;2008;http://link.springer.com/chapter/10.1007/978-3-540-76452-6_7;Chapter;;;;
A survey of temporal extensions of description logics;Annals of Mathematics and Artificial Intelligence;;30;01/abr;10.1023/A:1016636131405;Alessandro ArtaleEnrico Franconi;2000;http://link.springer.com/article/10.1023/A%3A1016636131405;Article;;;;
Automatic Building of an Appropriate Global Ontology;Advances in Databases and Information Systems;;;;10.1007/978-3-642-23737-9_31;Cheikh NiangB«∏atrice BouchouMoussa LoYacine Sam;2011;http://link.springer.com/chapter/10.1007/978-3-642-23737-9_31;Chapter;;;;
Semantic Web;A Guided Tour of Artificial Intelligence Research;;;;10.1007/978-3-030-06170-8_6;J«∏r«Ôme EuzenatMarie-Christine Rousset;2020;http://link.springer.com/chapter/10.1007/978-3-030-06170-8_6;Chapter;;;;
DL-Lite with Temporalised Concepts; Rigid Axioms and Roles;Frontiers of Combining Systems;;;10.1007/978-3-642-04222-5_8;Alessandro ArtaleRoman KontchakovVladislav RyzhikovMichael Zakharyaschev;2009;http://link.springer.com/chapter/10.1007/978-3-642-04222-5_8;Chapter;;;;
A Survey of Schema-Based Matching Approaches;Journal on Data Semantics IV;;;;10.1007/11603412_5;Pavel ShvaikoJ«∏r«Ôme Euzenat;2005;http://link.springer.com/chapter/10.1007/11603412_5;Chapter;;;;
Can OWL and Logic Programming Live Together Happily Ever After?;The Semantic Web - ISWC 2006;;;;10.1007/11926078_36;Boris MotikIan HorrocksRiccardo RosatiUlrike Sattler;2006;http://link.springer.com/chapter/10.1007/11926078_36;Chapter;;;;
Incorporating institutions; norms and territories in a generic model to simulate the management of renewable resources;Artificial Intelligence and Law;;21;10.1007/s10506-012-9133-8;Sigrid AubertJean-Pierre M«¨ller;2013;http://link.springer.com/article/10.1007/s10506-012-9133-8;Article;;;;
On Representational Issues About Combinations of Classical Theories with Nonmonotonic Rules;Knowledge Science; Engineering and Management;;;10.1007/11811220_1;Jos de BruijnThomas EiterAxel PolleresHans Tompits;2006;http://link.springer.com/chapter/10.1007/11811220_1;Chapter;;;;
Containment of Conjunctive Queries over Conceptual Schemata;Database Systems for Advanced Applications;;;;10.1007/11733836_44;Andrea Cal«™;2006;http://link.springer.com/chapter/10.1007/11733836_44;Chapter;;;;
Modeling; Matching and Ranking Services Based on Constraint Hardness;Business Process Management Workshops;;;10.1007/11837862_44;Claudia dÉ??AmatoSteffen Staab;2006;http://link.springer.com/chapter/10.1007/11837862_44;Chapter;;;;
Query Answering under Expressive Entity-Relationship Schemata;Conceptual Modeling É?? ER 2010;;;;10.1007/978-3-642-16373-9_25;Andrea Cal«™Georg GottlobAndreas Pieris;2010;http://link.springer.com/chapter/10.1007/978-3-642-16373-9_25;Chapter;;;;
A Defeasible Ontology Language;On the Move to Meaningful Internet Systems 2002: CoopIS; DOA; and ODBASE;;10.1007/3-540-36124-3_66;S. HeymansD. Vermeir;2002;http://link.springer.com/chapter/10.1007/3-540-36124-3_66;Chapter;;;;
Imprecise Analogical and Similarity Reasoning about Contextual Information;Intelligent Techniques and Tools for Novel System Architectures;;;;10.1007/978-3-540-77623-9_6;Christos AnagnostopoulosStathes Hadjiefthymiades;2008;http://link.springer.com/chapter/10.1007/978-3-540-77623-9_6;Chapter;;;;
A Logic for SVG Documents Query and Retrieval;Multimedia Tools and Applications;;24;2;10.1023/B:MTAP.0000036840.61778.04;Eugenio Di SciascioFrancesco M. DoniniMarina Mongiello;2004;http://link.springer.com/article/10.1023/B%3AMTAP.0000036840.61778.04;Article;;;;
An Ontology-Based Framework for Geographic Data Integration;Advances in Conceptual Modeling - Challenging Perspectives;;;;10.1007/978-3-642-04947-7_40;V«Ωnia M. P. VidalEveline R. SacramentoJos«∏ Antonio Fernandes de Mac«¶doMarco Antonio Casanova;2009;http://link.springer.com/chapter/10.1007/978-3-642-04947-7_40;Chapter;;;;
Ontological and Practical Issues in Using a Description Logic to Represent Medical Concept Systems: Experience from GALEN;Reasoning Web;;;;10.1007/11837787_9;Alan RectorJeremy Rogers;2006;http://link.springer.com/chapter/10.1007/11837787_9;Chapter;;;;
Semantic Indexing for Intelligent Browsing of Distributed Data;Intelligent Information Processing and Web Mining;;;;10.1007/978-3-540-36562-4_20;M. OuziriC. VerdierA. Flory;2003;http://link.springer.com/chapter/10.1007/978-3-540-36562-4_20;Chapter;;;;
English Querying over Ontologies: E-QuOnto;AI*IA 2007: Artificial Intelligence and Human-Oriented Computing;;;;10.1007/978-3-540-74782-6_16;Raffaella BernardiFrancesca BoninDiego CalvaneseDomenico CarbottaCamilo Thorne;2007;http://link.springer.com/chapter/10.1007/978-3-540-74782-6_16;Chapter;;;;
Finite Model Reasoning on UML Class Diagrams Via Constraint Programming;AI*IA 2007: Artificial Intelligence and Human-Oriented Computing;;;;10.1007/978-3-540-74782-6_5;Marco CadoliDiego CalvaneseGiuseppe De GiacomoToni Mancini;2007;http://link.springer.com/chapter/10.1007/978-3-540-74782-6_5;Chapter;;;;
Querying Incomplete Data with Logic Programs: ER Strikes Back;Conceptual Modeling - ER 2007;;;;10.1007/978-3-540-75563-0_18;Andrea Cal«™;2007;http://link.springer.com/chapter/10.1007/978-3-540-75563-0_18;Chapter;;;;
OntoYield: A Semantic Approach for Context-Based Ontology Recommendation Based on Structure Preservation;Proceedings of International Conference on Computational Intelligence and Data Engineering;;;;10.1007/978-981-10-6319-0_22;G. Leena GiriGerard DeepakS. H. ManjulaK. R. Venugopal;2018;http://link.springer.com/chapter/10.1007/978-981-10-6319-0_22;Chapter;;;;
Formal Properties of Modularisation;Modular Ontologies;;;;10.1007/978-3-642-01907-4_3;Boris KonevCarsten LutzDirk WaltherFrank Wolter;2009;http://link.springer.com/chapter/10.1007/978-3-642-01907-4_3;Chapter;;;;
Chapter 1 Amalgams; Colimits; and Conceptual Blending;Concept Invention;;10.1007/978-3-319-65602-1_1;F«∏lix BouEnric PlazaMarco Schorlemmer;2018;http://link.springer.com/chapter/10.1007/978-3-319-65602-1_1;Chapter;;;;
Data Semantics on the Web;Journal on Data Semantics;;1;1;10.1007/s13740-012-0003-z;Heiner Stuckenschmidt;2012;http://link.springer.com/article/10.1007/s13740-012-0003-z;Article;;;;
Contextual Ontologies;Advances in Information Systems;;;;10.1007/11890393_18;Djamal BenslimaneAhmed AraraGilles FalquetZakaria MaamarPhilippe ThiranFaiez Gargouri;2006;http://link.springer.com/chapter/10.1007/11890393_18;Chapter;;;;
Querying the Semantic Web: A Formal Approach;The Semantic Web É?? ISWC 2002;;;;10.1007/3-540-48005-6_15;Ian HorrocksSergio Tessaris;2002;http://link.springer.com/chapter/10.1007/3-540-48005-6_15;Chapter;;;;
The MIEL system: Uniform interrogation of structured and weakly-structured imprecise data;Journal of Intelligent Information Systems;;29;3;10.1007/s10844-006-0014-z;Ollivier Haemmerl«∏Patrice BucheRallou Thomopoulos;2007;http://link.springer.com/article/10.1007/s10844-006-0014-z;Article;;;;
Applying Formal Methods to Case Based Design AIDS;Artificial Intelligence in Design É??96;;;;10.1007/978-94-009-0279-4_11;Mario de GrassiAlberto GirettiLuca Spalazzi;1996;http://link.springer.com/chapter/10.1007/978-94-009-0279-4_11;Chapter;;;;
Conceptual Structures Represented by Conceptual Graphs and Formal Concept Analysis;Conceptual Structures: Standards and Practices;;;;10.1007/3-540-48659-3_27;Guy MineauGerd StummeRudolf Wille;1999;http://link.springer.com/chapter/10.1007/3-540-48659-3_27;Chapter;;;;
A Framework for Semi-automatic Data Integration;Enterprise Information Systems;;;;10.1007/978-3-642-00670-8_4;Paolo CeravoloZhan CuiErnesto DamianiAlex GusminiMarcello Leida;2009;http://link.springer.com/chapter/10.1007/978-3-642-00670-8_4;Chapter;;;;
Study and formalization of a case-based reasoning system using a description logic;Advances in Case-Based Reasoning;;;;10.1007/BFb0056341;Sylvie SalottiV«∏ronique Ventos;1998;http://link.springer.com/chapter/10.1007/BFb0056341;Chapter;;;;
Shape and Content;Integrated Formal Methods;;;;10.1007/978-3-319-10181-1_1;Diego CalvaneseTomer KotekMantas èˇimkusHelmut VeithFlorian Zuleger;2014;http://link.springer.com/chapter/10.1007/978-3-319-10181-1_1;Chapter;;;;
Managing Data Warehouse Traceability: A Life-Cycle Driven Approach;Advanced Information Systems Engineering;;;;10.1007/978-3-319-19069-3_13;Selma KhouriKamel SemasselLadjel Bellatreche;2015;http://link.springer.com/chapter/10.1007/978-3-319-19069-3_13;Chapter;;;;
Concept learning in description logics using refinement operators;Machine Learning;;78;01/fev;10.1007/s10994-009-5146-2;Jens LehmannPascal Hitzler;2009;http://link.springer.com/article/10.1007/s10994-009-5146-2;Article;;;;
Logical Analysis of Mappings between Medical Classification Systems;Artificial Intelligence: Methodology; Systems; and Applications;;10.1007/978-3-540-85776-1_26;Elena CardilloClaudio EccherLuciano SerafiniAndrei Tamilin;2008;http://link.springer.com/chapter/10.1007/978-3-540-85776-1_26;Chapter;;;;
Fuzzy reasoning framework to improve semantic video interpretation;Multimedia Tools and Applications;;75;10;10.1007/s11042-015-2537-1;Mohamed ZarkaAnis Ben AmmarAdel M. Alimi;2016;http://link.springer.com/article/10.1007/s11042-015-2537-1;Article;;;;
Semantic integration;Information Sharing on the Semantic Web;;;;10.1007/3-540-26907-X_1;;2005;http://link.springer.com/chapter/10.1007/3-540-26907-X_1;Chapter;;;;
Automated Geographical Information Fusion and Ontology Alignment;Spatial Data on the Web;;;;10.1007/978-3-540-69878-4_6;Matt DuckhamMike Worboys;2007;http://link.springer.com/chapter/10.1007/978-3-540-69878-4_6;Chapter;;;;
Discovery;Semantic Web Services;;;;10.1007/3-540-70894-4_8;Stephan Grimm;2007;http://link.springer.com/chapter/10.1007/3-540-70894-4_8;Chapter;;;;
Query Processing in Ontology-Based Peer-to-Peer Systems;Ontologies for Agents: Theory and Experiences;;;;10.1007/3-7643-7361-X_7;Heiner StuckenschmidtFrank van HarmelenFausto Giunchiglia;2005;http://link.springer.com/chapter/10.1007/3-7643-7361-X_7;Chapter;;;;
Modeling Uncertainty in Knowledge Representation;Fuzzy Computational Ontologies in Contexts;;;;10.1007/978-3-642-25456-7_4;Dr. Yi CaiDr. Ching-man Au YeungProf. Ho-fung Leung;2012;http://link.springer.com/chapter/10.1007/978-3-642-25456-7_4;Chapter;;;;
Resolving the É??Weak StatusÉ?ù of Weak Entity Types in Entity Relationship Schemas;Conceptual Modeling É?? ER É??99;;;;10.1007/3-540-47866-3_25;Mira BalabanPeretz Shoval;1999;http://link.springer.com/chapter/10.1007/3-540-47866-3_25;Chapter;;;;
KR and Reasoning on the Semantic Web: OWL;Handbook of Semantic Web Technologies;;;;10.1007/978-3-540-92913-0_9;Ian HorrocksPeter F. Patel-Schneider;2011;http://link.springer.com/referenceworkentry/10.1007/978-3-540-92913-0_9;ReferenceWorkEntry;;;;
Picsel and Xyleme: Two Illustrative Information Integration Agents;Intelligent Information Agents;;;;10.1007/3-540-36561-3_3;Marie-Christine RoussetChantal Reynaud;2003;http://link.springer.com/chapter/10.1007/3-540-36561-3_3;Chapter;;;;
Knowledge Representation and Ontologies;Scientific Data Mining and Knowledge Discovery;;;;10.1007/978-3-642-02788-8_6;Stephan Grimm;2010;http://link.springer.com/chapter/10.1007/978-3-642-02788-8_6;Chapter;;;;
Semantic E-Workflow Composition;Journal of Intelligent Information Systems;;21;3;10.1023/A:1025542915514;Jorge CardosoAmit Sheth;2003;http://link.springer.com/article/10.1023/A%3A1025542915514;Article;;;;
An optimization approach on the integration of multiple images for classification;KI-98: Advances in Artificial Intelligence;;;;10.1007/BFb0095444;O. HerzogA. G«¨nter;1998;http://link.springer.com/chapter/10.1007/BFb0095444;Chapter;;;;
Induction of Concepts in Web Ontologies through Terminological Decision Trees;Machine Learning and Knowledge Discovery in Databases;;;;10.1007/978-3-642-15880-3_34;Nicola FanizziClaudia dÉ??AmatoFloriana Esposito;2010;http://link.springer.com/chapter/10.1007/978-3-642-15880-3_34;Chapter;;;;
An Approach to the Development of Flexible Multirobot Systems: the Potential of Using Mobile Code Technology;Journal of Intelligent and Robotic Systems;;52;03/abr;10.1007/s10846-008-9224-7;Francesco Amigoni;2008;http://link.springer.com/article/10.1007/s10846-008-9224-7;Article;;;;
Towards a Unifying Approach to Representing and Querying Temporal Data in Description Logics;Web Reasoning and Rule Systems;;;;10.1007/978-3-642-33203-6_8;V«ctor Guti«∏rrez-BasultoSzymon Klarman;2012;http://link.springer.com/chapter/10.1007/978-3-642-33203-6_8;Chapter;;;;
Rules and Queries with Ontologies: A Unified Logical Framework;Principles and Practice of Semantic Web Reasoning;;;;10.1007/978-3-540-30122-6_4;Enrico FranconiSergio Tessaris;2004;http://link.springer.com/chapter/10.1007/978-3-540-30122-6_4;Chapter;;;;
Ontology Reasoning in Agent-Oriented Programming;Advances in Artificial Intelligence É?? SBIA 2010;;;;10.1007/978-3-642-16138-4_3;Claudio Fuzitaki«Ålvaro MoreiraRenata Vieira;2010;http://link.springer.com/chapter/10.1007/978-3-642-16138-4_3;Chapter;;;;
Emergent Semantics Systems;Semantics of a Networked World. Semantics for Grid Databases;;;;10.1007/978-3-540-30145-5_2;Karl AbererTiziana CatarciPhilippe Cudr«∏-MaurouxTharam DillonStephan GrimmMohand-Said HacidArantza IllarramendiMustafa JarrarVipul KashyapMassimo MecellaEduardo MenaErich J. NeuholdAris M. OukselThomas RisseMonica ScannapiecoF«˘lix Saltor;2004;http://link.springer.com/chapter/10.1007/978-3-540-30145-5_2;Chapter;;;;
SysML-based design chain information modeling for variety management in production reconfiguration;Journal of Intelligent Manufacturing;;24;3;10.1007/s10845-011-0585-6;Dazhong WuLinda L. ZhangRoger J. JiaoRoberto F. Lu;2013;http://link.springer.com/article/10.1007/s10845-011-0585-6;Article;;;;
FCA in Knowledge Technologies: Experiences and Opportunities;Concept Lattices;;;;10.1007/978-3-540-24651-0_23;Yannis KalfoglouSrinandan DasmahapatraYun-Heh Chen-Burger;2004;http://link.springer.com/chapter/10.1007/978-3-540-24651-0_23;Chapter;;;;
Rough Ontology Mapping in E-Business Integration;E-Service Intelligence;;;;10.1007/978-3-540-37017-8_3;Yi ZhaoWolfgang HalangXia Wang;2007;http://link.springer.com/chapter/10.1007/978-3-540-37017-8_3;Chapter;;;;
Combining a DL Reasoner and a Rule Engine for Improving Entailment-Based OWL Reasoning;The Semantic Web - ISWC 2008;;;;10.1007/978-3-540-88564-1_18;Georgios MeditskosNick Bassiliades;2008;http://link.springer.com/chapter/10.1007/978-3-540-88564-1_18;Chapter;;;;
Acquiring Configuration Knowledge Bases in the Semantic Web Using UML;Knowledge Engineering and Knowledge Management: Ontologies and the Semantic Web;;;;10.1007/3-540-45810-7_31;Alexander FelfernigGerhard FriedrichDietmar JannachMarkus StumptnerMarkus Zanker;2002;http://link.springer.com/chapter/10.1007/3-540-45810-7_31;Chapter;;;;
Conjunctive Query Answering in Probabilistic Datalog+/É?? Ontologies;Web Reasoning and Rule Systems;;;;10.1007/978-3-642-23580-1_7;Georg GottlobThomas LukasiewiczGerardo I. Simari;2011;http://link.springer.com/chapter/10.1007/978-3-642-23580-1_7;Chapter;;;;
Ontology based CBR with jCOLIBRI;Applications and Innovations in Intelligent Systems XIV;;;;10.1007/978-1-84628-666-7_12;Juan A. Recio-Gar«aBel«∏n D«az-Agudo;2007;http://link.springer.com/chapter/10.1007/978-1-84628-666-7_12;Chapter;;;;
Ranking Services Using Fuzzy HEX Programs;Web Reasoning and Rule Systems;;;;10.1007/978-3-540-88737-9_14;Stijn HeymansIoan Toma;2008;http://link.springer.com/chapter/10.1007/978-3-540-88737-9_14;Chapter;;;;
Combining Safe Rules and Ontologies by Interfacing of Reasoners;Principles and Practice of Semantic Web Reasoning;;;;10.1007/11853107_3;Uwe A«?mannJakob HenrikssonJan Maè?uszyè?ski;2006;http://link.springer.com/chapter/10.1007/11853107_3;Chapter;;;;
Teaching model-driven engineering from a relational database perspective;Software & Systems Modeling;;16;2;10.1007/s10270-015-0488-7;Don BatoryMaider Azanza;2017;http://link.springer.com/article/10.1007/s10270-015-0488-7;Article;;;;
Service Specification and Matchmaking Using Description Logic;Algebraic Methodology and Software Technology;;;;10.1007/978-3-540-79980-1_29;M. Birna van RiemsdijkRolf HennickerMartin WirsingAndreas Schroeder;2008;http://link.springer.com/chapter/10.1007/978-3-540-79980-1_29;Chapter;;;;
Explaining Subsumption by Optimal Interpolation;Logics in Artificial Intelligence;;;;10.1007/978-3-540-30227-8_35;Stefan Schlobach;2004;http://link.springer.com/chapter/10.1007/978-3-540-30227-8_35;Chapter;;;;
Reliability and Performance in Engineering Design;Handbook of Reliability; Availability; Maintainability and Safety in Engineering Design;;10.1007/978-1-84800-175-6_3;;2009;http://link.springer.com/chapter/10.1007/978-1-84800-175-6_3;Chapter;;;;
What Constitutes a Service on the Web?;Correct Software in Web Applications and Web Services;;;;10.1007/978-3-319-17112-8_8;Klaus-Dieter ScheweQing Wang;2015;http://link.springer.com/chapter/10.1007/978-3-319-17112-8_8;Chapter;;;;
Measuring Concept Similarity between Fuzzy Ontologies;Fuzzy Information and Engineering Volume 2;;;;10.1007/978-3-642-03664-4_18;Wang YingZhang Ru-boLai Ji-bao;2009;http://link.springer.com/chapter/10.1007/978-3-642-03664-4_18;Chapter;;;;
WhatÉ??s Happening in Semantic Web;Formal Concept Analysis;;;;10.1007/978-3-642-20514-9_2;Pascal Hitzler;2011;http://link.springer.com/chapter/10.1007/978-3-642-20514-9_2;Chapter;;;;
Any-World Access to OWL from Prolog;KI 2007: Advances in Artificial Intelligence;;;;10.1007/978-3-540-74565-5_9;Tobias MatznerPascal Hitzler;2007;http://link.springer.com/chapter/10.1007/978-3-540-74565-5_9;Chapter;;;;
Application of Supervaluation Semantics to Vaguely Defined Spatial Concepts;Spatial Information Theory;;;;10.1007/3-540-45424-1_8;Brandon Bennett;2001;http://link.springer.com/chapter/10.1007/3-540-45424-1_8;Chapter;;;;
Ontology Based Object Categorization for Robots;Practical Aspects of Knowledge Management;;;;10.1007/978-3-540-89447-6_21;Benjamin JohnstonFangkai YangRogan MendozaXiaoping ChenMary-Anne Williams;2008;http://link.springer.com/chapter/10.1007/978-3-540-89447-6_21;Chapter;;;;
Modeling Social Attitudes on the Web;The Semantic Web - ISWC 2006;;;;10.1007/11926078_38;Matthias Nickles;2006;http://link.springer.com/chapter/10.1007/11926078_38;Chapter;;;;
An Extended Predictive Model Markup Language for Data Mining;Web-Age Information Management;;;;10.1007/978-3-642-14246-8_23;Xiaodong ZhuJianzheng Yang;2010;http://link.springer.com/chapter/10.1007/978-3-642-14246-8_23;Chapter;;;;
Towards a Configurable Database Design: A Case of Semantic Data Warehouses;On the Move to Meaningful Internet Systems: OTM 2014 Conferences;;;;10.1007/978-3-662-45563-0_47;Selma KhouriLadjel Bellatreche;2014;http://link.springer.com/chapter/10.1007/978-3-662-45563-0_47;Chapter;;;;
Intelligent support of the preprocessing stage of engineering analysis using case-based reasoning;Engineering with Computers;;24;4;10.1007/s00366-007-0079-5;Peter WriggersMarina SiplivayaIrina JoukovaRoman Slivin;2008;http://link.springer.com/article/10.1007/s00366-007-0079-5;Article;;;;
Vague Knowledge Bases for Matchmaking in P2P E-Marketplaces;The Semantic Web: Research and Applications;;;;10.1007/978-3-540-72667-8_30;Azzurra RagoneUmberto StracciaTommaso Di NoiaEugenio Di SciascioFrancesco M. Donini;2007;http://link.springer.com/chapter/10.1007/978-3-540-72667-8_30;Chapter;;;;
Fuzzy Ontology; Fuzzy Description Logics and Fuzzy-OWL;Applications of Fuzzy Sets Theory;;;10.1007/978-3-540-73400-0_15;Silvia CalegariDavide Ciucci;2007;http://link.springer.com/chapter/10.1007/978-3-540-73400-0_15;Chapter;;;;
The Amine System Project: Systems Biology in Practice;Computational Intelligence in Bioinformatics;;;;10.1007/978-3-540-76803-6_12;Ismael Navas-DelgadoRa«ßl Monta«ÒezMiguel «Ångel MedinaJos«∏ Luis UrdialesJos«∏ F. AldanaFrancisca S«≠nchez-Jim«∏nez;2008;http://link.springer.com/chapter/10.1007/978-3-540-76803-6_12;Chapter;;;;
The Combined Approach to OBDA: Taming Role Hierarchies Using Filters;The Semantic Web É?? ISWC 2013;;;;10.1007/978-3-642-41335-3_20;Carsten Lutzé¯nan«ı SeylanDavid TomanFrank Wolter;2013;http://link.springer.com/chapter/10.1007/978-3-642-41335-3_20;Chapter;;;;
Knowledge Representation and Reasoning in Norm-Parameterized Fuzzy Description Logics;Canadian Semantic Web;;;;10.1007/978-1-4419-7335-1_2;Jidi ZhaoHarold Boley;2010;http://link.springer.com/chapter/10.1007/978-1-4419-7335-1_2;Chapter;;;;
Representation and Reasoning on RBAC: A Description Logic Approach;Theoretical Aspects of Computing É?? ICTAC 2005;;;;10.1007/11560647_25;Chen ZhaoNuermaimaiti HeililiShengping LiuZuoquan Lin;2005;http://link.springer.com/chapter/10.1007/11560647_25;Chapter;;;;
A Probabilistic Abduction Engine for Media Interpretation Based on Ontologies;Web Reasoning and Rule Systems;;;;10.1007/978-3-642-15918-3_15;Oliver GriesRalf M«ÙllerAnahita NafissiMaurice RosenfeldKamil SokolskiMichael Wessel;2010;http://link.springer.com/chapter/10.1007/978-3-642-15918-3_15;Chapter;;;;
Model-Based Chemical Compound Formulation;Model-Based Reasoning in Science; Technology; and Medicine;;10.1007/978-3-540-71986-1_24;Stefania BandiniAlessandro MoscaMatteo Palmonari;2007;http://link.springer.com/chapter/10.1007/978-3-540-71986-1_24;Chapter;;;;
Context-Driven Model Refinement;Model Driven Architecture;;;;10.1007/11538097_13;Dennis Wagelaar;2005;http://link.springer.com/chapter/10.1007/11538097_13;Chapter;;;;
Towards a Conceptual Representation of Actions;AI*IA 99: Advances in Artificial Intelligence;;;;10.1007/3-540-46238-4_29;Antonio ChellaMarcello FrixioneSalvatore Gaglio;2000;http://link.springer.com/chapter/10.1007/3-540-46238-4_29;Chapter;;;;
An Incremental Technique for Automata-Based Decision Procedures;Automated Deduction É?? CADE-21;;;;10.1007/978-3-540-73595-3_8;Gulay UnelDavid Toman;2007;http://link.springer.com/chapter/10.1007/978-3-540-73595-3_8;Chapter;;;;
Ontological Commitments; DL-Lite Logics and Reasoning Tractability;Advances in Databases and Information Systems;;;10.1007/978-3-319-23135-8_16;Mauricio Minuto EspilMaria Gabriela OjeaMaria Alejandra Ojea;2015;http://link.springer.com/chapter/10.1007/978-3-319-23135-8_16;Chapter;;;;
Hybrid Reasoning with Forest Logic Programs;The Semantic Web: Research and Applications;;;;10.1007/978-3-642-02121-3_27;Cristina FeierStijn Heymans;2009;http://link.springer.com/chapter/10.1007/978-3-642-02121-3_27;Chapter;;;;
Combining Nonmonotonic Knowledge Bases with External Sources;Frontiers of Combining Systems;;;;10.1007/978-3-642-04222-5_2;Thomas EiterGerhard BrewkaMinh Dao-TranMichael FinkGiovambattista IanniThomas Krennwallner;2009;http://link.springer.com/chapter/10.1007/978-3-642-04222-5_2;Chapter;;;;
Functionalities of Supporting IT Systems: Current Situation; Future Requirements and Innovative Approaches;Build To Order;;;10.1007/978-1-84800-225-8_13;Jan-Gregor FischerMarkus WitthautMichael Berger;2008;http://link.springer.com/chapter/10.1007/978-1-84800-225-8_13;Chapter;;;;
Tableaux for Verification of Data-Centric Processes;Automated Reasoning with Analytic Tableaux and Related Methods;;;;10.1007/978-3-642-40537-2_5;Andreas BauerPeter BaumgartnerMartin DillerMichael Norrish;2013;http://link.springer.com/chapter/10.1007/978-3-642-40537-2_5;Chapter;;;;
Representing and Reasoning for Spatiotemporal Ontology Integration;On the Move to Meaningful Internet Systems 2004: OTM 2004 Workshops;;;;10.1007/978-3-540-30470-8_14;Nacera BennacerMarie-Aude AufaureNadine CullotAnastasiya SotnykovaChristelle Vangenot;2004;http://link.springer.com/chapter/10.1007/978-3-540-30470-8_14;Chapter;;;;
Effective Integration of Declarative Rules with External Evaluations for Semantic-Web Reasoning;The Semantic Web: Research and Applications;;;;10.1007/11762256_22;Thomas EiterGiovambattista IanniRoman SchindlauerHans Tompits;2006;http://link.springer.com/chapter/10.1007/11762256_22;Chapter;;;;
Knowledge Representation and Ontologies;Clinical Research Informatics;;;;10.1007/978-3-319-98779-8_15;Kin Wah Fung MD; MS; MAOlivier Bodenreider MD; PhD;2019;http://link.springer.com/chapter/10.1007/978-3-319-98779-8_15;Chapter;
Automated Service Composition Based on Behaviors: The Roman Model;Web Services Foundations;;;;10.1007/978-1-4614-7518-7_8;Giuseppe De GiacomoMassimo MecellaFabio Patrizi;2014;http://link.springer.com/chapter/10.1007/978-1-4614-7518-7_8;Chapter;;;;
On Visualization of OWL Ontologies;Semantic Web;;;;10.1007/978-0-387-48438-9_11;Serguei KrivovFerdinando VillaRichard WilliamsXindong Wu;2007;http://link.springer.com/chapter/10.1007/978-0-387-48438-9_11;Chapter;;;;
Model-Driven Ontology Engineering;Journal on Data Semantics VII;;;;10.1007/11890591_3;Yue PanGuotong XieLi MaYang YangZhaoMing QiuJuhnyoung Lee;2006;http://link.springer.com/chapter/10.1007/11890591_3;Chapter;;;;
Object Role Modelling for Ontology Engineering in the DOGMA Framework;On the Move to Meaningful Internet Systems 2005: OTM 2005 Workshops;;;;10.1007/11575863_90;Peter Spyns;2005;http://link.springer.com/chapter/10.1007/11575863_90;Chapter;;;;
A Formal Semantics-Preserving Translation from Fuzzy Relational Database Schema to Fuzzy OWL DL Ontology;The Semantic Web;;;;10.1007/978-3-540-89704-0_4;Fu ZhangZ. M. MaHailong WangXiangfu Meng;2008;http://link.springer.com/chapter/10.1007/978-3-540-89704-0_4;Chapter;;;;
Formally Verified Tableau-Based Reasoners for a Description Logic;Journal of Automated Reasoning;;52;3;10.1007/s10817-013-9291-8;M. J. Hidalgo-DobladoJ. A. Alonso-Jim«∏nezJ. Borrego-D«azF. J. Mart«n-MateosJ. L. Ruiz-Reina;2014;http://link.springer.com/article/10.1007/s10817-013-9291-8;Article;;;;
Sharing statistical information;Information Sharing on the Semantic Web;;;;10.1007/3-540-26907-X_7;;2005;http://link.springer.com/chapter/10.1007/3-540-26907-X_7;Chapter;;;;
Linguistic Variable Ontology and Its Application to Fuzzy Semantic Retrieval;Information Computing and Applications;;;;10.1007/978-3-642-16339-5_25;Jun ZhaiMeng LiKaitao Zhou;2010;http://link.springer.com/chapter/10.1007/978-3-642-16339-5_25;Chapter;;;;
Towards Practical Semantic Web Service Discovery;The Semantic Web: Research and Applications;;;;10.1007/978-3-642-13489-0_2;Martin JunghansSudhir AgarwalRudi Studer;2010;http://link.springer.com/chapter/10.1007/978-3-642-13489-0_2;Chapter;;;;
A Philosophical Foundation for Ontology Alignments É?? The Structuralistic Approach;KI 2013: Advances in Artificial Intelligence;;;;10.1007/978-3-642-40942-4_20;Christian Sch«œuflerClemens BecksteinStefan Artmann;2013;http://link.springer.com/chapter/10.1007/978-3-642-40942-4_20;Chapter;;;;
OMDoc Applications and Projects;OMDoc É?? An Open Markup Format for Mathematical Documents [version 1.2];;;;10.1007/11826095_30;Michael Kohlhase;2006;http://link.springer.com/chapter/10.1007/11826095_30;Chapter;;;;
Fuzzy Ontology Models Based on Fuzzy Linguistic Variable for Knowledge Management and Information Retrieval;Intelligent Information Processing IV;;;;10.1007/978-0-387-87685-6_9;Jun ZhaiYiduo LiangJiatao JiangYi Yu;2008;http://link.springer.com/chapter/10.1007/978-0-387-87685-6_9;Chapter;;;;
Drug Interaction Ontology (DIO) and the Resource-Sensitive Logical Inferences;Algebra; Meaning; and Computation;;10.1007/11780274_32;Mitsuhiro OkadaYutaro SugimotoSumi YoshikawaAkihiko Konagaya;2006;http://link.springer.com/chapter/10.1007/11780274_32;Chapter;;;;
Towards an Efficient Datalog Based Evaluation of the FSAQL Query Language;Resource Discovery;;;;10.1007/978-3-642-45263-5_7;Afef BahriRafik BouazizFa«Óez Gargouri;2013;http://link.springer.com/chapter/10.1007/978-3-642-45263-5_7;Chapter;;;;
Related Work;Intelligent Information Integration for the Semantic Web;;;;10.1007/978-3-540-28636-3_2;Ubbo Visser;2004;http://link.springer.com/chapter/10.1007/978-3-540-28636-3_2;Chapter;;;;
Personalized web feeds based on ontology technologies;Information Systems Frontiers;;15;3;10.1007/s10796-011-9337-6;I-Ching Hsu;2013;http://link.springer.com/article/10.1007/s10796-011-9337-6;Article;;;;
Visual Language Theory: Towards a Human-Computer Interaction Perspective;Visual Language Theory;;;;10.1007/978-1-4612-1676-6_3;N. Hari NarayananRoland H«¨bscher;1998;http://link.springer.com/chapter/10.1007/978-1-4612-1676-6_3;Chapter;;;;
Supporting Ontology Design through Large-Scale FCA-Based Ontology Restructuring;Conceptual Structures for Discovering Knowledge;;;;10.1007/978-3-642-22688-5_19;Mohamed Rouane-HacenePetko ValtchevRoger Nkambou;2011;http://link.springer.com/chapter/10.1007/978-3-642-22688-5_19;Chapter;;;;
Decidable Containment of Recursive Queries;Database Theory É?? ICDT 2003;;;;10.1007/3-540-36285-1_22;Diego CalvaneseGiuseppe De GiacomoMoshe Y. Vardi;2003;http://link.springer.com/chapter/10.1007/3-540-36285-1_22;Chapter;;;;
Knowledge Representation and Consistency Checking in a Norm-Parameterized Fuzzy Description Logic;Emerging Intelligent Computing Technology and Applications. With Aspects of Artificial Intelligence;;;;10.1007/978-3-642-04020-7_13;Jidi ZhaoHarold BoleyWeichang Du;2009;http://link.springer.com/chapter/10.1007/978-3-642-04020-7_13;Chapter;;;;
Indexing and Mining Audiovisual Data;Active Mining;;;;10.1007/11423270_3;Pierre Morizet-MahoudeauxBruno Bachimont;2005;http://link.springer.com/chapter/10.1007/11423270_3;Chapter;;;;
The Separation of Data and Information in Database Systems under an Organisational Semiotics Framework;Project Management and Risk Management in Complex Projects;;;;10.1007/978-1-4020-5837-0_9;X. WangJ. Feng;2007;http://link.springer.com/chapter/10.1007/978-1-4020-5837-0_9;Chapter;;;;
Teaching Model Driven Engineering from a Relational Database Perspective;Model-Driven Engineering Languages and Systems;;;;10.1007/978-3-642-41533-3_8;Don BatoryEric LatimerMaider Azanza;2013;http://link.springer.com/chapter/10.1007/978-3-642-41533-3_8;Chapter;;;;
A Decidable Constructive Description Logic;Logics in Artificial Intelligence;;;;10.1007/978-3-642-15675-5_7;Loris BozzatoMauro FerrariCamillo FiorentiniGuido Fiorino;2010;http://link.springer.com/chapter/10.1007/978-3-642-15675-5_7;Chapter;;;;
Re-engineering of the forest stand database: case study of Bilahe Forestry Bureau; Inner Mongolia of China;Journal of Forestry Research;;19;10.1007/s11676-008-0037-0;Wen-bo ChenJiao Zheng;2008;http://link.springer.com/article/10.1007/s11676-008-0037-0;Article;;;;
OrBAC from access control model to access usage model;Applied Intelligence;;48;8;10.1007/s10489-017-1064-3;Khalida GuesmiaNarhimene Boustia;2018;http://link.springer.com/article/10.1007/s10489-017-1064-3;Article;;;;
A first-order coalition logic for BDI-agents;Frontiers of Computer Science;;10;2;10.1007/s11704-015-4591-2;Qingliang ChenKaile SuAbdul SattarXiangyu LuoAixiang Chen;2016;http://link.springer.com/article/10.1007/s11704-015-4591-2;Article;;;;
Representation and Execution of Building Codes for Automated Code Checking;Computer Aided Architectural Design Futures 2001;;;;10.1007/978-94-010-0868-6_24;Q. Z. YangXiang Li;2001;http://link.springer.com/chapter/10.1007/978-94-010-0868-6_24;Chapter;;;;
PrOntoLearn: Unsupervised Lexico-Semantic Ontology Generation Using Probabilistic Methods;Uncertainty Reasoning for the Semantic Web II;;;;10.1007/978-3-642-35975-0_12;Saminda AbeyruwanUbbo VisserVance LemmonStephan Sch«¨rer;2013;http://link.springer.com/chapter/10.1007/978-3-642-35975-0_12;Chapter;;;;
An Overview of Modularity;Modular Ontologies;;;;10.1007/978-3-642-01907-4_2;Christine ParentStefano Spaccapietra;2009;http://link.springer.com/chapter/10.1007/978-3-642-01907-4_2;Chapter;;;;
An Integrated System of Semantic Web Reasoning and Argument-Based Reasoning;Advances in Intelligent Web Mastering;;;;10.1007/978-3-540-72575-6_56;Toshiko WakakiHajime SawamuraKatsumi Nitta;2007;http://link.springer.com/chapter/10.1007/978-3-540-72575-6_56;Chapter;;;;
Bringing Together Structured and Unstructured Sources: The OUMSUIS Approach;On the Move to Meaningful Internet Systems 2006: OTM 2006 Workshops;;;;10.1007/11915034_94;Gayo DialloMichel SimonetAna Simonet;2006;http://link.springer.com/chapter/10.1007/11915034_94;Chapter;;;;
Modeling Concepts for Safety-Related Requirements in Sociotechnical Systems;Computer Safety; Reliability; and Security;;10.1007/978-3-540-30138-7_8;Michael Cebulla;2004;http://link.springer.com/chapter/10.1007/978-3-540-30138-7_8;Chapter;;;;
On Some Problems of Decision-Making Under Uncertainty in the Semantic Web;Soft Computing in Ontologies and Semantic Web;;;;10.1007/978-3-540-33473-6_9;Miguel-«Ångel Sicilia;2006;http://link.springer.com/chapter/10.1007/978-3-540-33473-6_9;Chapter;;;;
From Stakeholder Requirements to Formal Specifications Through Refinement;Requirements Engineering: Foundation for Software Quality;;;;10.1007/978-3-319-16101-3_11;Feng-Lin LiJennifer HorkoffAlexander BorgidaGiancarlo GuizzardiLin LiuJohn Mylopoulos;2015;http://link.springer.com/chapter/10.1007/978-3-319-16101-3_11;Chapter;;;;
Checking Consistency and Completeness of On-Line Product Manuals;Journal of Automated Reasoning;;37;01/fev;10.1007/s10817-006-9037-y;Carsten SinzWolfgang K«¨chlinDieter FeichtingerGeorg G«Ùrtler;2006;http://link.springer.com/article/10.1007/s10817-006-9037-y;Article;;;;
Fuzzy View-Based Semantic Search;The Semantic Web É?? ASWC 2006;;;;10.1007/11836025_36;Markus HoliEero Hyv«Ùnen;2006;http://link.springer.com/chapter/10.1007/11836025_36;Chapter;;;;
Etymothesis; Fallacy; and Ontologies: An Illustration from Phytonymy;Language; Culture; Computation. Computational Linguistics and Linguistics;;;;10.1007/978-3-642-45327-4_10;Ephraim Nissan;2014;http://link.springer.com/chapter/10.1007/978-3-642-45327-4_10;Chapter
Survey on Ontology Languages;Perspectives in Business Informatics Research;;;;10.1007/978-3-642-24511-4_10;Diana KalibatieneOlegas Vasilecas;2011;http://link.springer.com/chapter/10.1007/978-3-642-24511-4_10;Chapter;;;;
Towards an Ontology-Based Framework to Generate Diagnostic Decision Support Systems;AI*IA 2013: Advances in Artificial Intelligence;;;;10.1007/978-3-319-03524-6_3;Giuseppe CicalaMarco OreggiaArmando Tacchella;2013;http://link.springer.com/chapter/10.1007/978-3-319-03524-6_3;Chapter;;;;
Norms and plans as unification criteria for social collectives;Autonomous Agents and Multi-Agent Systems;;17;1;10.1007/s10458-008-9038-9;Aldo Gangemi;2008;http://link.springer.com/article/10.1007/s10458-008-9038-9;Article;;;;
Common Subsumbers in RDF;AI*IA 2013: Advances in Artificial Intelligence;;;;10.1007/978-3-319-03524-6_30;Simona ColucciFrancesco M. DoniniEugenio Di Sciascio;2013;http://link.springer.com/chapter/10.1007/978-3-319-03524-6_30;Chapter;;;;
Automatic Fuzzy Semantic Web Ontology Learning from Fuzzy Object-Oriented Database Model;Database and Expert Systems Applications;;;;10.1007/978-3-642-15364-8_2;Fu ZhangZ. M. MaGaofeng FanXing Wang;2010;http://link.springer.com/chapter/10.1007/978-3-642-15364-8_2;Chapter;;;;
Creating ontological metadata for digital library content and services;International Journal on Digital Libraries;;2;1;10.1007/s007990050034;Peter C. WeinsteinWilliam P. Birmingham;1998;http://link.springer.com/article/10.1007/s007990050034;Article;;;;
Semantic Web Techniques for Personalization of eGovernment Services;Advances in Conceptual Modeling - Theory and Practice;;;;10.1007/11908883_51;Fabio GrandiFederica MandreoliRiccardo MartogliaEnrico RonchettiMaria Rita ScalasPaolo Tiberio;2006;http://link.springer.com/chapter/10.1007/11908883_51;Chapter;;;;
Applied Semantics for Integration and Analytics;Knowledge Engineering and the Semantic Web;;;;10.1007/978-3-642-41360-5_4;Sergey Gorshkov;2013;http://link.springer.com/chapter/10.1007/978-3-642-41360-5_4;Chapter;;;;
A Class-Based Logic Language for Ontologies;Flexible Query Answering Systems;;;;10.1007/3-540-36109-X_5;Djamal BenslimaneMohand-Sa«¨d HacidEvimaria TerziFarouk Toumani;2002;http://link.springer.com/chapter/10.1007/3-540-36109-X_5;Chapter;;;;
Geographic Ontology Matching with iG-Match;Advances in Spatial and Temporal Databases;;;;10.1007/978-3-540-73540-3_11;Guillermo Nudelman HessCirano IochpeSilvana Castano;2007;http://link.springer.com/chapter/10.1007/978-3-540-73540-3_11;Chapter;;;;
Semantic Data Integration in the Domain of Medicine;New Challenges in Computational Collective Intelligence;;;;10.1007/978-3-642-03958-4_11;Beata Jankowska;2009;http://link.springer.com/chapter/10.1007/978-3-642-03958-4_11;Chapter;;;;
Semantically Processing Parallel Colour Descriptions;Journal on Data Semantics X;;;;10.1007/978-3-540-77688-8_7;Shenghui WangJeff Z. Pan;2008;http://link.springer.com/chapter/10.1007/978-3-540-77688-8_7;Chapter;;;;
A Semantics-Based Approach to Retrieving Biomedical Information;Flexible Query Answering Systems;;;;10.1007/978-3-642-24764-4_10;Troels AndreasenHenrik BulskovSine ZambachTine LassenBodil Nistrup MadsenPer Anker JensenHanne Erdman ThomsenJ«˜rgen Fischer Nilsson;2011;http://link.springer.com/chapter/10.1007/978-3-642-24764-4_10;Chapter;;;;
The Uni-level Description: A Uniform Framework for Representing Information in Multiple Data Models;Conceptual Modeling - ER 2003;;;;10.1007/978-3-540-39648-2_7;Shawn BowersLois Delcambre;2003;http://link.springer.com/chapter/10.1007/978-3-540-39648-2_7;Chapter;;;;
Multirepresentation in Ontologies;Advances in Databases and Information Systems;;;;10.1007/978-3-540-39403-7_3;Djamal BenslimaneChristelle VangenotCatherine RousseyAhmed Arara;2003;http://link.springer.com/chapter/10.1007/978-3-540-39403-7_3;Chapter;;;;
SAM: Semantic Advanced Matchmaker;Evolution of the Web in Artificial Intelligence Environments;;;;10.1007/978-3-540-79140-9_7;Erdem Savas IlhanAyse Basar Bener;2008;http://link.springer.com/chapter/10.1007/978-3-540-79140-9_7;Chapter;;;;
Why and How Knowledge Discovery Can Be Useful for Solving Problems with CBR;Case-Based Reasoning. Research and Development;;;;10.1007/978-3-642-14274-1_2;Amedeo Napoli;2010;http://link.springer.com/chapter/10.1007/978-3-642-14274-1_2;Chapter;;;;
Towards an Approximative Ontology-Agnostic Approach for Logic Programs;Foundations of Information and Knowledge Systems;;;;10.1007/978-3-319-04939-7_21;Jo«úo Carlos Pereira da SilvaAndr«∏ Freitas;2014;http://link.springer.com/chapter/10.1007/978-3-319-04939-7_21;Chapter;;;;
Mobile Context-Addressable Messaging with DL-Lite Domain Model;Smart Sensing and Context;;;;10.1007/978-3-540-88793-5_13;Michal KoziukJaroslaw DomaszewiczRadoslaw Olgierd SchoeneichMarcin JablonowskiPiotr Boetzel;2008;http://link.springer.com/chapter/10.1007/978-3-540-88793-5_13;Chapter;;;;
Conceptual Analysis of Intrusion Alarms;Image Analysis and Processing É?? ICIAP 2005;;;;10.1007/11553595_11;Benjamin MorinHerv«∏ Debar;2005;http://link.springer.com/chapter/10.1007/11553595_11;Chapter;;;;
An Ontology-Centric Approach to Sensor-Mission Assignment;Knowledge Engineering: Practice and Patterns;;;;10.1007/978-3-540-87696-0_30;Mario GomezAlun PreeceMatthew P. JohnsonGeeth de MelWamberto VasconcelosChristopher GibsonAmotz Bar-NoyKonrad BorowieckiThomas La PortaDiego PizzocaroHosam RowaihyGavin PearsonTien Pham;2008;http://link.springer.com/chapter/10.1007/978-3-540-87696-0_30;Chapter;;;;
Ontology Query Answering on Databases;The Semantic Web - ISWC 2006;;;;10.1007/11926078_32;Jing MeiLi MaYue Pan;2006;http://link.springer.com/chapter/10.1007/11926078_32;Chapter;;;;
The Semantic Web from an Industry Perspective;Reasoning Web;;;;10.1007/11837787_10;Alain L«∏gerJohannes HeineckeLyndon J. B. NixonPavel ShvaikoJean CharletPaola HobsonFran«ıois Goasdou«∏;2006;http://link.springer.com/chapter/10.1007/11837787_10;Chapter;;;;
How Semantic Technologies Can Enhance Data Access at Siemens Energy;The Semantic Web É?? ISWC 2014;;;;10.1007/978-3-319-11964-9_38;Evgeny KharlamovNina Solomakhina«?zg«¨r L«¨tf«¨ «?z«ıepDmitriy ZheleznyakovThomas HubauerSteffen LamparterMikhail RoshchinAhmet SoyluStuart Watson;2014;http://link.springer.com/chapter/10.1007/978-3-319-11964-9_38;Chapter;;;;
A dynamic access control model;Applied Intelligence;;36;1;10.1007/s10489-010-0254-z;Narhimene BoustiaAicha Mokhtari;2012;http://link.springer.com/article/10.1007/s10489-010-0254-z;Article;;;;
Ontology Management Infrastructures;Ontology Management;;;;10.1007/978-0-387-69900-4_3;Walter WaterfeldMoritz WeitenPeter Haase;2008;http://link.springer.com/chapter/10.1007/978-0-387-69900-4_3;Chapter;;;;
Logical Formalization of Multimedia Interpretation;Knowledge-Driven Multimedia Information Extraction and Ontology Evolution;;;;10.1007/978-3-642-20795-2_5;Sofia EspinosaAtila KayaRalf M«Ùller;2011;http://link.springer.com/chapter/10.1007/978-3-642-20795-2_5;Chapter;;;;
Bringing existential variables in answer set programming and bringing non-monotony in existential rules: two sides of the same coin;Annals of Mathematics and Artificial Intelligence;;82;01/mar;10.1007/s10472-017-9563-9;Jean-Fran«ıois BagetLaurent GarciaFabien GarreauClaire Lef«˘vreSwan RocherIgor St«∏phan;2018;http://link.springer.com/article/10.1007/s10472-017-9563-9;Article;;;;
Fuzzy-EPC Markup Language: XML Based Interchange Formats for Fuzzy Process Models;Soft Computing in XML Data Management;;;;10.1007/978-3-642-14010-5_9;Oliver ThomasThorsten Dollmann;2010;http://link.springer.com/chapter/10.1007/978-3-642-14010-5_9;Chapter;;;;
Cloud service selection using cloud service brokers: approaches and challenges;Frontiers of Computer Science;;13;3;10.1007/s11704-017-6124-7;Meysam VakiliNeda JahangiriMohsen Sharifi;2019;http://link.springer.com/article/10.1007/s11704-017-6124-7;Article;;;;
Flexible Semantic-Based Service Matchmaking and Discovery;World Wide Web;;11;2;10.1007/s11280-007-0040-y;Devis BianchiniValeria De AntonellisMichele Melchiori;2008;http://link.springer.com/article/10.1007/s11280-007-0040-y;Article;;;;
Evolving BioAssay Ontology (BAO): modularization; integration and applications;Journal of Biomedical Semantics;;5;10.1186/2041-1480-5-S1-S5;Saminda AbeyruwanUma D VempatiHande K«¨«ı«¨k-McGintyUbbo VisserAmar KoletiAhsan MirKunie SakuraiCaty ChungJoshua A BittkerPaul A ClemonsSteve BrudzAnosha SiripalaArturo J MoralesMartin RomackerDavid TwomeySvetlana Bureeva;2014;http://link.springer.com/article/10.1186/2041-1480-5-S1-S5;Article;;;;
Interleaving multi-agent systems and social networks for organized adaptation;Computational and Mathematical Organization Theory;;17;4;10.1007/s10588-011-9089-3;Jeremy PittDaniel Ramirez-CanoMoez DraiefAlexander Artikis;2011;http://link.springer.com/article/10.1007/s10588-011-9089-3;Article;;;;
UEML: a Further Step;Knowledge Sharing in the Integrated Enterprise;;;;10.1007/0-387-29766-9_8;Giuseppe Berio;2005;http://link.springer.com/chapter/10.1007/0-387-29766-9_8;Chapter;;;;
Towards a Fuzzy Ontology Definition and a Fuzzy Extension of an Ontology Editor;Enterprise Information Systems;;;;10.1007/978-3-540-77581-2_10;Silvia CalegariDavide Ciucci;2008;http://link.springer.com/chapter/10.1007/978-3-540-77581-2_10;Chapter;;;;
Ambient Compass: One Approach to Model Spatial Relations;Digital Human Modeling;;;;10.1007/978-3-642-02809-0_20;Petr AksenovGeert VanderhulstKris LuytenKarin Coninx;2009;http://link.springer.com/chapter/10.1007/978-3-642-02809-0_20;Chapter;;;;
Is Participation in the Semantic Web Too Difficult?;The Semantic Web É?? ISWC 2002;;;;10.1007/3-540-48005-6_39;Stefan HausteinJ«Ùrg Pleumann;2002;http://link.springer.com/chapter/10.1007/3-540-48005-6_39;Chapter;;;;
SSWAP: A Simple Semantic Web Architecture and Protocol for semantic web services;BMC Bioinformatics;;10;1;10.1186/1471-2105-10-309;Damian DG GesslerGary S SchiltzGreg D MayShulamit AvrahamChristopher D TownDavid GrantRex T Nelson;2009;http://link.springer.com/article/10.1186/1471-2105-10-309;Article;;;;
A Declarative Approach using SAWSDL and Semantic Templates Towards Process Mediation;Semantic Web Services Challenge;;;;10.1007/978-0-387-72496-6_6;Karthik GomadamAjith RanabahuZixin WuAmit P. ShethJohn Miller;2009;http://link.springer.com/chapter/10.1007/978-0-387-72496-6_6;Chapter;;;;
A middleware platform for the dynamic evolution of distributed component-based systems;Computing;;96;8;10.1007/s00607-014-0396-7;Yu ZhouXiaoxing MaHarald Gall;2014;http://link.springer.com/article/10.1007/s00607-014-0396-7;Article;;;;
Numeric and symbolic knowledge representation of cerebral cortex anatomy: methods and preliminary results;Surgical and Radiologic Anatomy;;26;3;10.1007/s00276-003-0204-0;O. DameronB. GibaudX. Morandi;2004;http://link.springer.com/article/10.1007/s00276-003-0204-0;Article;;;;
Answer Set Programming;Reasoning Web. Semantic Technologies for Intelligent Data Access;;;;10.1007/978-3-642-39784-4_4;Wolfgang Faber;2013;http://link.springer.com/chapter/10.1007/978-3-642-39784-4_4;Chapter;;;;
Towards Effective Geographic Ontology Matching;GeoSpatial Semantics;;;;10.1007/978-3-540-76876-0_4;Guillermo Nudelman HessCirano IochpeAlfio FerraraSilvana Castano;2007;http://link.springer.com/chapter/10.1007/978-3-540-76876-0_4;Chapter;;;;
The Role of Vague Categories in Semantic and Adaptive Web Interfaces;On The Move to Meaningful Internet Systems 2003: OTM 2003 Workshops;;;;10.1007/978-3-540-39962-9_32;Miguel-«Ångel Sicilia;2003;http://link.springer.com/chapter/10.1007/978-3-540-39962-9_32;Chapter;;;;
Fuzzy Concept-Based Models in Information Browsers;Soft Computing in Web Information Retrieval;;;;10.1007/3-540-31590-X_7;Elena Garc«a BarriocanalMiguel-«Ångel Sicilia;2006;http://link.springer.com/chapter/10.1007/3-540-31590-X_7;Chapter;;;;
An Interval-Based Knowledge Model and Query Language for Temporal Information;Multi-Agent Systems for Society;;;;10.1007/978-3-642-03339-1_25;He HuangZhongzhi ShiXiaoxiao HeLirong QiuJiewen Luo;2009;http://link.springer.com/chapter/10.1007/978-3-642-03339-1_25;Chapter;;;;
Semantic Relationship Based Knowledge Management and Reuse in Collaborative Product Development;Product Lifecycle Management. Towards Knowledge-Rich Enterprises;;;;10.1007/978-3-642-35758-9_1;Ibrahim AssourokoGuillaume DucellierBeno«©t EynardPhilippe Boutinaud;2012;http://link.springer.com/chapter/10.1007/978-3-642-35758-9_1;Chapter;;;;
Total knowledge and partial knowledge in logical models of information retrieval;Foundations of Intelligent Systems;;;;10.1007/BFb0095098;Fabrizio Sebastiani;1999;http://link.springer.com/chapter/10.1007/BFb0095098;Chapter;;;;
Using Fuzzy DLs to Enhance Semantic Image Analysis;Semantic Multimedia;;;;10.1007/978-3-540-92235-3_5;Stamatia DasiopoulouIoannis KompatsiarisMichael G. Strintzis;2008;http://link.springer.com/chapter/10.1007/978-3-540-92235-3_5;Chapter;;;;
Paraconsistent Reasoning for Semantic Web Agents;Transactions on Computational Collective Intelligence VI;;;;10.1007/978-3-642-29356-6_2;Linh Anh NguyenAndrzej Szaè?as;2012;http://link.springer.com/chapter/10.1007/978-3-642-29356-6_2;Chapter;;;;
The application of an amended FCA method on knowledge acquisition and representation for interpreting meteorological services;Journal of Ambient Intelligence and Humanized Computing;;11;3;10.1007/s12652-019-01305-2;Yong LiuXueqing Li;2020;http://link.springer.com/article/10.1007/s12652-019-01305-2;Article;;;;
Meet the Data;Entity-Oriented Search;;;;10.1007/978-3-319-93935-3_2;Krisztian Balog;2018;http://link.springer.com/chapter/10.1007/978-3-319-93935-3_2;Chapter;;;;
Rabbit: Developing a Control Natural Language for Authoring Ontologies;The Semantic Web: Research and Applications;;;;10.1007/978-3-540-68234-9_27;Glen HartMartina JohnsonCatherine Dolbear;2008;http://link.springer.com/chapter/10.1007/978-3-540-68234-9_27;Chapter;;;;
Semantic Web Software Tools;Semantic Web: Concepts; Technologies and Applications;;;10.1007/978-1-84628-710-7_10;;2007;http://link.springer.com/chapter/10.1007/978-1-84628-710-7_10;Chapter;;;;
Deep Semantic Abstractions of Everyday Human Activities;ROBOT 2017: Third Iberian Robotics Conference;;;;10.1007/978-3-319-70833-1_39;Jakob SuchanMehul Bhatt;2018;http://link.springer.com/chapter/10.1007/978-3-319-70833-1_39;Chapter;;;;
Uncertainty in Data Integration Systems: Automatic Generation of Probabilistic Relationships;Management of the Interconnected World;;;;10.1007/978-3-7908-2404-9_26;Sonia BergamaschiLaura PoSerena SorrentinoAlberto Corni;2010;http://link.springer.com/chapter/10.1007/978-3-7908-2404-9_26;Chapter;;;;
Semantic Enrichment of Database Textual Attributes;Flexible Query Answering Systems;;;;10.1007/978-3-642-04957-6_42;Jes«ßs R. Campa«ÒaMar«a J. Mart«n-BautistaJuan M. MedinaM. Amparo Vila;2009;http://link.springer.com/chapter/10.1007/978-3-642-04957-6_42;Chapter;;;;
Ontology Learning and Reasoning É?? Dealing with Uncertainty and Inconsistency;Uncertainty Reasoning for the Semantic Web I;;;;10.1007/978-3-540-89765-1_21;Peter HaaseJohanna V«Ùlker;2008;http://link.springer.com/chapter/10.1007/978-3-540-89765-1_21;Chapter;;;;
Specialization and Validation of Statecharts in OWL;Knowledge Engineering and Management by the Masses;;;;10.1007/978-3-642-16438-5_26;Gerd Gr«ÙnerSteffen Staab;2010;http://link.springer.com/chapter/10.1007/978-3-642-16438-5_26;Chapter;;;;
Composing Web services on the Semantic Web;The VLDB Journal;;12;4;10.1007/s00778-003-0101-5;Brahim MedjahedAthman BouguettayaAhmed K. Elmagarmid;2003;http://link.springer.com/article/10.1007/s00778-003-0101-5;Article;;;;
A CBR-Based Approach for Supporting Consulting Agencies in Successfully Accompanying a CustomerÉ??s Introduction of Knowledge Management;Advances in Case-Based Reasoning;;;;10.1007/11805816_39;Mark HefkeAndreas Abecker;2006;http://link.springer.com/chapter/10.1007/11805816_39;Chapter;;;;
An ontology of physical causation as a basis for assessing causation in fact and attributing legal responsibility;Artificial Intelligence and Law;;15;3;10.1007/s10506-007-9035-3;Jos LehmannAldo Gangemi;2007;http://link.springer.com/article/10.1007/s10506-007-9035-3;Article;;;;
Semantically Linking and Browsing Provenance Logs for E-science;Semantics of a Networked World. Semantics for Grid Databases;;;;10.1007/978-3-540-30145-5_10;Jun ZhaoCarole GobleRobert StevensSean Bechhofer;2004;http://link.springer.com/chapter/10.1007/978-3-540-30145-5_10;Chapter;;;;
Logical Inference Framework for Security Management in Geographical Information Systems;Information Fusion and Geographic Information Systems (IF AND GIS 2013);;;;10.1007/978-3-642-31833-7_13;Igor KotenkoOlga PolubelovaIgor Saenko;2014;http://link.springer.com/chapter/10.1007/978-3-642-31833-7_13;Chapter;;;;
Natural Language Communication Between Human and Artificial Agents;Agent Computing and Multi-Agent Systems;;;;10.1007/11802372_11;Christel Kemke;2006;http://link.springer.com/chapter/10.1007/11802372_11;Chapter;;;;
Seven Bottlenecks to Workflow Reuse and Repurposing;The Semantic Web É?? ISWC 2005;;;;10.1007/11574620_25;Antoon GoderisUlrike SattlerPhillip LordCarole Goble;2005;http://link.springer.com/chapter/10.1007/11574620_25;Chapter;;;;
Knowledge Harvesting: Achievements and Challenges;Computing and Software Science;;;;10.1007/978-3-319-91908-9_13;Gerhard WeikumJohannes HoffartFabian Suchanek;2019;http://link.springer.com/chapter/10.1007/978-3-319-91908-9_13;Chapter;;;;
Incorporating Policy-Based Authorization Framework in Audit Rule Ontology for Continuous Process Auditing in Complex Distributed Systems;On the Move to Meaningful Internet Systems: OTM 2014 Workshops;;;;10.1007/978-3-662-45550-0_37;Numanul SubhaniRobert Kent;2014;http://link.springer.com/chapter/10.1007/978-3-662-45550-0_37;Chapter;;;;
Representing the UMLS∂© Semantic Network Using OWL;The Semantic Web - ISWC 2003;;;;10.1007/978-3-540-39718-2_1;Vipul KashyapAlex Borgida;2003;http://link.springer.com/chapter/10.1007/978-3-540-39718-2_1;Chapter;;;;
Capturing Semantics for Information Security and Privacy Assurance;Ubiquitous Intelligence and Computing;;;;10.1007/978-3-540-69293-5_10;Mohammad M. R. ChowdhuryJavier ChamizoJosef NollJuan Miguel G«¸mez;2008;http://link.springer.com/chapter/10.1007/978-3-540-69293-5_10;Chapter;;;;
Extensive Validation of OCL Models by Integrating SAT Solving into USE;Objects; Models; Components; Patterns;10.1007/978-3-642-21952-8_21;Mirco KuhlmannLars HamannMartin Gogolla;2011;http://link.springer.com/chapter/10.1007/978-3-642-21952-8_21;Chapter;;;;
Fuzzy Ontology and Information Granulation: An Approach to Knowledge Mobilisation;Information Processing and Management of Uncertainty in Knowledge-Based Systems. Applications;;;;10.1007/978-3-642-14058-7_44;Christer CarlssonMatteo BrunelliJozsef Mezei;2010;http://link.springer.com/chapter/10.1007/978-3-642-14058-7_44;Chapter;;;;
A Dynamic Foundational Architecture for Semantic Web Services;Distributed and Parallel Databases;;17;2;10.1007/s10619-004-0190-1;Brahim MedjahedAthman Bouguettaya;2005;http://link.springer.com/article/10.1007/s10619-004-0190-1;Article;;;;
Ontology Based Zone Indexing Using Information Retrieval Systems;Advances in Computing; Communication; and Control;;10.1007/978-3-642-36321-4_16;Rajeswari MukeshSathish Kumar PenchalaAnupama K. Ingale;2013;http://link.springer.com/chapter/10.1007/978-3-642-36321-4_16;Chapter;;;;
Integration of Heterogeneous; Imprecise and Incomplete Data: An Application to the Microbiological Risk Assessment;Foundations of Intelligent Systems;;;10.1007/978-3-540-39592-8_15;Patrice BucheOllivier HaemmerleRallou Thomopoulos;2003;http://link.springer.com/chapter/10.1007/978-3-540-39592-8_15;Chapter;;;;
IPSI-PF.A business process matchmaking engine based on annotated finite state automata;Information Systems and e-Business Management;;3;2;10.1007/s10257-005-0053-y;Andreas WombacherBendick MahlekoErich Neuhold;2005;http://link.springer.com/article/10.1007/s10257-005-0053-y;Article;;;;
The state of play in machine/environment interactions;Artificial Intelligence Review;;25;3;10.1007/s10462-007-9063-0;M. J. AitkenheadA. J. S. McDonald;2006;http://link.springer.com/article/10.1007/s10462-007-9063-0;Article;;;;
E-Learning 3.0: Anyone; Anywhere; Anytime; and AI;New Horizons in Web Based Learning;10.1007/978-3-662-43454-3_18;Neil RubensDain KaplanToshio Okamoto;2014;http://link.springer.com/chapter/10.1007/978-3-662-43454-3_18;Chapter;;;;
Document Search Using Content; Structure and Properties;Part-Whole Reasoning in an Object-Centered Framework;;;10.1007/3-540-46440-9_11;;2000;http://link.springer.com/chapter/10.1007/3-540-46440-9_11;Chapter;;;;
Ontology-Based Agri-Environmental Planning for Whole Farm Plans;Advances in Conceptual Modeling É?? Applications and Challenges;;;;10.1007/978-3-642-16385-2_9;Hui Ma;2010;http://link.springer.com/chapter/10.1007/978-3-642-16385-2_9;Chapter;;;;
Hybrid Logic;Handbook of Philosophical Logic;;;;10.1007/978-94-007-6600-6_1;Torben Bra«¨ner;2014;http://link.springer.com/chapter/10.1007/978-94-007-6600-6_1;Chapter;;;;
A High-Level Functional Matching for Semantic Web Services;Service-Oriented Computing - ICSOC 2005;;;;10.1007/11596141_10;Islam ElgedawyZahir TariJames A. Thom;2005;http://link.springer.com/chapter/10.1007/11596141_10;Chapter;;;;
Enhancing ebXML Registries to Make them OWL Aware;Distributed and Parallel Databases;;18;1;10.1007/s10619-005-1072-x;Asuman DogacYildiray KabakGokce B. LaleciCarl MattocksFarrukh NajmiJeff Pollock;2005;http://link.springer.com/article/10.1007/s10619-005-1072-x;Article;;;;
CASAM: collaborative human-machine annotation of multimedia;Multimedia Tools and Applications;;70;2;10.1007/s11042-012-1255-1;Robert J. HendleyRussell BealeChris P. BowersChristos GeorgousopoulosCharalampos VassiliouPetridis SergiosRalf MoellerEric KarstensDimitris Spiliotopoulos;2014;http://link.springer.com/article/10.1007/s11042-012-1255-1;Article;;;;
Multi-valued Argumentation Frameworks;Rules on the Web. From Theory to Applications;;;;10.1007/978-3-319-09870-8_10;Pierpaolo Dondio;2014;http://link.springer.com/chapter/10.1007/978-3-319-09870-8_10;Chapter;;;;
A Stream-Temporal Query Language for Ontology Based Data Access;KI 2014: Advances in Artificial Intelligence;;;;10.1007/978-3-319-11206-0_18;«?zg«¨r L«¨tf«¨ «?z«ıepRalf M«ÙllerChristian Neuenstadt;2014;http://link.springer.com/chapter/10.1007/978-3-319-11206-0_18;Chapter;;;;
A Formal Approach to Describing Action Concepts in Taxonomical Knowledge Bases;Foundations of Intelligent Systems;;;;10.1007/978-3-540-39592-8_95;Christel Kemke;2003;http://link.springer.com/chapter/10.1007/978-3-540-39592-8_95;Chapter;;;;
On the Local Closed-World Assumption of Data-Sources;Logic Programming and Nonmonotonic Reasoning;;;;10.1007/11546207_12;Alvaro Cort«∏s-CalabuigMarc DeneckerOfer ArieliBert Van NuffelenMaurice Bruynooghe;2005;http://link.springer.com/chapter/10.1007/11546207_12;Chapter;;;;
The Use of Natural Language as an Intuitive Semantic Integration System Interface;Internet É?? Technical Development and Applications;;;;10.1007/978-3-642-05019-0_7;Stanisè?aw KozielskiMichaè? è?widerskiMaè?gorzata Bach;2009;http://link.springer.com/chapter/10.1007/978-3-642-05019-0_7;Chapter;;;;
Ontology: Use and Abuse;Adaptive Multimedia Retrieval: Retrieval; User; and Semantics;;10.1007/978-3-540-79860-6_2;Simone Santini;2008;http://link.springer.com/chapter/10.1007/978-3-540-79860-6_2;Chapter;;;;
A Service Composabilty Model to Support Dynamic Cooperation of Cross-Enterprise Services;Information Technology For Balanced Manufacturing Systems;;;;10.1007/978-0-387-36594-7_23;Jing-fan Tang;2006;http://link.springer.com/chapter/10.1007/978-0-387-36594-7_23;Chapter;;;;
Ontology Guided XML Security Engine;Journal of Intelligent Information Systems;;23;3;10.1023/B:JIIS.0000047392.50246.77;Andrei StoicaCsilla Farkas;2004;http://link.springer.com/article/10.1023/B%3AJIIS.0000047392.50246.77;Article;;;;
Image retrieval with a multi-modality ontology;Multimedia Systems;;13;05/jun;10.1007/s00530-007-0099-4;Huan WangSong LiuLiang-Tien Chia;2008;http://link.springer.com/article/10.1007/s00530-007-0099-4;Article;;;;
TeMP: A Temporal Monodic Prover;Automated Reasoning;;;;10.1007/978-3-540-25984-8_23;Ullrich HustadtBoris KonevAlexandre RiazanovAndrei Voronkov;2004;http://link.springer.com/chapter/10.1007/978-3-540-25984-8_23;Chapter;;;;
Ontology-Based Querying;Flexible Query Answering Systems;;;;10.1007/978-3-7908-1834-5_2;Troels AndreasenJ«˜rgen Fischer NilssonHanne Erdman Thomsen;2001;http://link.springer.com/chapter/10.1007/978-3-7908-1834-5_2;Chapter;;;;
Creating Bespoke Applications on Demand from the Agentcities Test-Bed;BT Technology Journal;;21;4;10.1023/A:1027352025069;S ThompsonD BonnefoyS Willmott;2003;http://link.springer.com/article/10.1023/A%3A1027352025069;Article;;;;
Using Fuzzy Logic to Handle the UsersÉ?? Semantic Descriptions in a Music Retrieval System;Theoretical Advances and Applications of Fuzzy Logic and Soft Computing;;;;10.1007/978-3-540-72434-6_10;Micheline LesaffreMarc Leman;2007;http://link.springer.com/chapter/10.1007/978-3-540-72434-6_10;Chapter;;;;
